Issue # from Github,Issue URL,Issue title from Github,Name of org in Record ID,Record ID,Related ID,Name of org in Related ID,Relationship of Related ID to Record ID,Current location of Related ID
,,,"AGC Engineering Co., Ltd. (Japan)",https://ror.org/003jq2493,https://ror.org/02nnhbq91,Asahi Glass (Japan),Parent,Release
,,,"AGC Seimi Chemical Co., Ltd. (Japan)",https://ror.org/02049b043,https://ror.org/02nnhbq91,Asahi Glass (Japan),Parent,Release
,,,"AGC Techno Glass Co., Ltd. (Japan)",https://ror.org/007abv018,https://ror.org/02nnhbq91,Asahi Glass (Japan),Parent,Release
,,,"AGC Plibrico Co., Ltd. (Japan)",https://ror.org/05yp7vk97,https://ror.org/02nnhbq91,Asahi Glass (Japan),Parent,Release
,,,BASF Japan Ltd. (Japan),https://ror.org/027k20r32,https://ror.org/01q8f6705,BASF (Germany),Parent,Release
,,,"IHI Transport Machinery Co., Ltd. (Japan)",https://ror.org/02fmncw65,https://ror.org/018nb9n34,IHI Corporation (Japan),Parent,Release
,,,JFE Steel Corporation (Japan),https://ror.org/049nfwr75,https://ror.org/0289e7422,JFE Holdings (Japan),Parent,Release
,,,"JFE Mineral & Alloy Company, Ltd. (Japan)",https://ror.org/05tynsn71,https://ror.org/01b5g6d73,"Mizushima Ferroalloy Co., Ltd. (Japan)",Predecessor,Release
,,,Kyoto Robotics Corporation (Japan),https://ror.org/04bcm2d11,https://ror.org/02exqgm79,Hitachi (Japan),Parent,Release
,,,"NBC Co., Ltd. (Japan)",https://ror.org/03hvt1646,https://ror.org/02t19fx09,Kinokuniya,Parent,Release
,,,"NEC Platforms, Ltd. (Japan)",https://ror.org/002af1f68,https://ror.org/04jndar25,NEC (Japan),Parent,Release
,,,"NEC System Technologies, Ltd. (Japan)",https://ror.org/00sfpf304,https://ror.org/04jndar25,NEC (Japan),Parent,Release
,,,"NEC Space Technologies, Ltd. (Japan)",https://ror.org/056pn9j89,https://ror.org/04jndar25,NEC (Japan),Parent,Release
,,,"NEC Solution Innovators, Ltd. (Japan)",https://ror.org/04k1qqg60,https://ror.org/04jndar25,NEC (Japan),Parent,Release
,,,NEC Networks & System Integration Corporation (Japan),https://ror.org/00ewadx52,https://ror.org/04jndar25,NEC (Japan),Parent,Release
,,,"NEC Fielding, Ltd. (Japan)",https://ror.org/02v9r9693,https://ror.org/04jndar25,NEC (Japan),Parent,Release
,,,NTN Advanced Materials Corporation (Japan),https://ror.org/05qht4013,https://ror.org/01f10xn48,NTN (Japan),Parent,Release
,,,NTT Innovative Devices Corporation (Japan),https://ror.org/04ww4v994,https://ror.org/00berct97,NTT (Japan),Parent,Release
,,,NTT TechnoCross Corporation (Japan),https://ror.org/05d1jyy76,https://ror.org/00berct97,NTT (Japan),Parent,Release
,,,SUBARU TECHNO Corporation (Japan),https://ror.org/02t52zx17,https://ror.org/03xgxw153,Subaru (Japan),Parent,Release
,,,"THK Intechs Co., Ltd. (Japan)",https://ror.org/05rpy0777,https://ror.org/02ex0xe53,THK (Japan),Parent,Release
,,,International Flavors & Fragrances Ltd. (Japan),https://ror.org/053tz8d14,https://ror.org/02nma1c30,International Flavors & Fragrances (United States),Parent,Release
,,,"Aisin Chemical Co., Ltd. (Japan)",https://ror.org/01ksqtw44,https://ror.org/00vtxwp63,Aisin (Japan),Parent,Release
,,,"Aisin Chemical Co., Ltd. (Japan)",https://ror.org/01ksqtw44,https://ror.org/00vtxwp63,Aisin (Japan),Successor,Release
,,,"Azbil Kimmon Co., Ltd. (Japan)",https://ror.org/02qhqdk45,https://ror.org/0316d5p98,Azbil (Japan),Parent,Release
,,,Ulvac Coating Corporation (Japan),https://ror.org/01nvdvp09,https://ror.org/02xnwme44,Ulvac (Japan),Parent,Release
,,,"Ibiden Greentec Co., Ltd. (Japan)",https://ror.org/004gxxx14,https://ror.org/04343ty25,Ibiden (Japan),Parent,Release
,,,"AIR Products Japan, Inc. (Japan)",https://ror.org/01nghb660,https://ror.org/01ydrx675,Air Products (United States),Parent,Release
,,,Ecolab K.K. (Japan),https://ror.org/0045kta27,https://ror.org/02029yx61,Ecolab (United States),Parent,Release
,,,Ecolab K.K. (Japan),https://ror.org/0045kta27,https://ror.org/02qrhdz98,Ecolab G.K. (Japan),Successor,Production
,,,Ecolab G.K. (Japan),https://ror.org/02qrhdz98,https://ror.org/02029yx61,Ecolab (United States),Parent,Release
,,,Espec Techno Corp. (Japan),https://ror.org/02kzwvv53,https://ror.org/029xea032,ESPEC TEST SYSTEM CORP. (Japan),Successor,Production
,,,Energy Support Corporation (Japan),https://ror.org/04cyxyv75,https://ror.org/02he16z20,NGK Insulators (Japan),Parent,Release
,,,NTT Advanced Technology Corporation (Japan),https://ror.org/00fmedr36,https://ror.org/00berct97,NTT (Japan),Parent,Release
,,,NTT Communications Corporation (Japan),https://ror.org/03p0gwt85,https://ror.org/00berct97,NTT (Japan),Parent,Release
,,,NTT Comware Corporation (Japan),https://ror.org/0264nww58,https://ror.org/00berct97,NTT (Japan),Parent,Release
,,,NTT Software Corporation (Japan),https://ror.org/04k5gxk49,https://ror.org/00berct97,NTT (Japan),Parent,Release
,,,"NTT Mobile Communications Network, Inc. (Japan)",https://ror.org/02fky5q16,https://ror.org/00berct97,NTT (Japan),Parent,Release
,,,"NTT Mobile Communications Network, Inc. (Japan)",https://ror.org/02fky5q16,https://ror.org/03n2yfa15,"NTT DOCOMO, Inc. (Japan)",Successor,Production
,,,"Oerlikon Japan Co., Ltd. (Japan)",https://ror.org/02tkc0082,https://ror.org/00s7bz409,Oerlikon (Switzerland),Parent,Release
,,,Oerlikon Metco (japan) Ltd. (Japan),https://ror.org/030re0g66,https://ror.org/00s7bz409,Oerlikon (Switzerland),Parent,Release
,,,Omron Sinic X Corporation (Japan),https://ror.org/056cktf93,https://ror.org/00q0w1h45,Omron (Japan),Parent,Release
,,,"Omron Software Co., Ltd. (Japan)",https://ror.org/00qd91b60,https://ror.org/00q0w1h45,Omron (Japan),Parent,Release
,,,"Oriental Yeast Co., Ltd. (Japan)",https://ror.org/037n4rc76,https://ror.org/04xq9nz88,Nisshin Seifun Group (Japan),Parent,Release
,,,Shirakawa Olympus Corporation (Japan),https://ror.org/04dez1e43,https://ror.org/01v0pgv63,Olympus (Japan),Parent,Release
,,,"Kikkoman Soyfoods Co., Ltd. (Japan)",https://ror.org/05q92v388,https://ror.org/00z0d6447,Kikkoman (Japan),Parent,Release
,,,Kikkoman Foods Inc (Japan),https://ror.org/01trbeh83,https://ror.org/00z0d6447,Kikkoman (Japan),Parent,Release
,,,Canon Semiconductor Equipment Inc. (Japan),https://ror.org/05xb8yx11,https://ror.org/05gg0gh87,Canon (Japan),Parent,Release
,,,Canon Finetech Nisca Inc. (Japan),https://ror.org/018e76q04,https://ror.org/05gg0gh87,Canon (Japan),Parent,Release
,,,Canon Precision Inc. (Japan),https://ror.org/01wf1g652,https://ror.org/05gg0gh87,Canon (Japan),Parent,Release
,,,Canon Machinery Inc. (Japan),https://ror.org/05kcx1587,https://ror.org/05gg0gh87,Canon (Japan),Parent,Release
,,,Oita Canon Inc. (Japan),https://ror.org/01ptdm966,https://ror.org/05gg0gh87,Canon (Japan),Parent,Release
,,,Canon Electronics Inc. (Japan),https://ror.org/00cr4dq86,https://ror.org/05gg0gh87,Canon (Japan),Parent,Release
,,,"Kyorin Rimedio Co., Ltd. (Japan)",https://ror.org/01y7mqk63,https://ror.org/01kenqt68,Kyorin Holdings (Japan),Parent,Release
,,,"Kirin Engineering Co., Ltd. (Japan)",https://ror.org/03p7pa715,https://ror.org/0586k5242,Kirin (Japan),Parent,Release
,,,"Kirin Brewery Company, Limited (Japan)",https://ror.org/00vm6vn72,https://ror.org/04h6fcw63,"Kirin Holdings Company, Limited (Japan)",Parent,Release
,,,Kubota Kasui Corporation (Japan),https://ror.org/03rbch679,https://ror.org/036krca38,Kubota (Japan),Parent,Release
,,,"Kubota Air Conditioner Co., Ltd. (Japan)",https://ror.org/006pwt063,https://ror.org/036krca38,Kubota (Japan),Parent,Release
,,,Clariant (Japan),https://ror.org/02v9rg118,https://ror.org/0465c8g46,Clariant (Switzerland),Parent,Release
,,,Clariant Catalysts (Japan) K.K. (Japan),https://ror.org/04yn1cp15,https://ror.org/0465c8g46,Clariant (Switzerland),Parent,Release
,,,Kuraray Engineering Co. Ltd. (Japan),https://ror.org/05rh7r377,https://ror.org/05km1vk92,Kuraray (Japan),Parent,Release
,,,"Kuraray Chemical Co., Ltd. (Japan)",https://ror.org/02kp0jg53,https://ror.org/05km1vk92,Kuraray (Japan),Parent,Release
,,,"Kuraray Chemical Co., Ltd. (Japan)",https://ror.org/02kp0jg53,https://ror.org/05km1vk92,Kuraray (Japan),Successor,Release
,,,"Kuraray Plastics Co., Ltd. (Japan)",https://ror.org/04539p892,https://ror.org/05km1vk92,Kuraray (Japan),Parent,Release
,,,"Maxell Kureha Co., Ltd. (Japan)",https://ror.org/01tczkj77,https://ror.org/01qfa5t68,Hitachi Maxell (Japan),Parent,Release
,,,"Gunze Kobunshi Co., Ltd. (Japan)",https://ror.org/02njefx13,https://ror.org/033yxp207,Gunze (Japan),Parent,Release
,,,Komatsu NTC Ltd. (Japan),https://ror.org/0328yhm71,https://ror.org/03s23ay81,Komatsu (Japan),Parent,Release
,,,"Komatsu Utility Co., Ltd. (Japan)",https://ror.org/05hn0b579,https://ror.org/03s23ay81,Komatsu (Japan),Successor,Release
,,,Saint-Gobain TM K.K. (Japan),https://ror.org/05wnz9c74,https://ror.org/02fdb8q57,Saint-Gobain (France),Parent,Release
,,,Sunstar Engineering Inc. (Japan),https://ror.org/00qcwp474,https://ror.org/01mtp2k51,Sunstar (Japan),Related,Release
,,,Suntory Wellness Limited (Japan),https://ror.org/04s60hf65,https://ror.org/02jg1fa85,Suntory (Japan),Parent,Release
,,,Suntory Global Innovation Center Ltd. (Japan),https://ror.org/045pr7b22,https://ror.org/02jg1fa85,Suntory (Japan),Parent,Release
,,,SAN Nopco Limited (Japan),https://ror.org/01h5a6d64,https://ror.org/03wrs2f16,Sanyo (Japan),Parent,Release
,,,Sanwa Comsys Engineering Corporation (Japan),https://ror.org/04axv5e07,https://ror.org/05jh2ar45,Comsys Holdings Corp. (Japan),Parent,Release
,,,GE HealthCare (Japan),https://ror.org/03a5x5p06,https://ror.org/01bwa4v12,GE Healthcare (United States),Parent,Release
,,,"Shionogi TechnoAdvance Research Co., Ltd. (Japan)",https://ror.org/04tngg249,https://ror.org/01v3bqg10,Shionogi (Japan),Parent,Release
,,,"Citizen Seimitsu Co., Ltd. (Japan)",https://ror.org/02csnm675,https://ror.org/00zdzyj46,Citizen (Japan),Parent,Release
,,,"Citizen Finedevice Co., Ltd. (Japan)",https://ror.org/02wjs4w37,https://ror.org/00zdzyj46,Citizen (Japan),Parent,Release
,,,"Citizen Machinery Co., Ltd. (Japan)",https://ror.org/02pawx791,https://ror.org/00zdzyj46,Citizen (Japan),Parent,Release
,,,"Citizen Electronics Co., Ltd. (Japan)",https://ror.org/02jskzn63,https://ror.org/00zdzyj46,Citizen (Japan),Parent,Release
,,,"Sinanen Co., Ltd. (Japan)",https://ror.org/00j2m0716,https://ror.org/044w1h350,"Sinanen Holdings Co., Ltd. (Japan)",Parent,Release
,,,"Shibuya Seiki Co., Ltd. (Japan)",https://ror.org/04vgb9c49,https://ror.org/03t1ztz45,Shibuya (Japan),Parent,Release
,,,Japan Coating Resin Corporation (Japan),https://ror.org/01ftr1r92,https://ror.org/05d8avs16,Mitsubishi Chemical (Japan),Parent,Release
,,,"Japan Composite Co., Ltd. (Japan)",https://ror.org/01tp6we32,https://ror.org/05wh5fw51,Mitsui Chemicals (Japan),Parent,Release
,,,"Japan Composite Co., Ltd. (Japan)",https://ror.org/01tp6we32,https://ror.org/02s3d9n87,Nippon Shokubai (Japan),Parent,Release
,,,Japan Marine United Corporation (Japan),https://ror.org/04y9vzc54,https://ror.org/00452b662,"Imabari Shipbuilding Co., Ltd. (Japan)",Parent,Release
,,,"Suzuka FINE Co., Ltd. (Japan)",https://ror.org/04t7e9m41,https://ror.org/027g4ww47,"Koatsu GAS Kogyo Co., Ltd. (Japan)",Parent,Release
,,,Seiko Instruments Inc. (Japan),https://ror.org/04ck5ab02,https://ror.org/042n1zz26,Seiko Holdings (Japan),Parent,Release
,,,"Haneda Zenith Co., Ltd. (Japan)",https://ror.org/01r9t0408,https://ror.org/03xveyy82,"Hanex Co., Ltd. (Japan)",Predecessor,Release
,,,Sony Global Manufacturing & Operations Corporation (Japan),https://ror.org/02cczjq28,https://ror.org/04wzv3n59,Sony (Japan),Parent,Release
,,,Sony Manufacturing Systems Corporation (Japan),https://ror.org/0290ffa25,https://ror.org/04wzv3n59,Sony (Japan),Parent,Release
,,,SoftBank Corp. (Japan),https://ror.org/038vabw28,https://ror.org/02ew2ks20,SoftBank Group (Japan),Parent,Release
,,,"Daikin Applied Systems Co., Ltd. (Japan)",https://ror.org/04x0w1a79,https://ror.org/013p9v583,Daikin (Japan),Parent,Release
,,,Daicel-Evonik Corporation (Japan),https://ror.org/02erxz658,https://ror.org/01w78qg15,Daicel (Japan),Related,Release
,,,"Daihatsu Motor Co., Ltd. (Japan)",https://ror.org/03w6g7b34,https://ror.org/02zqm6r10,Toyota Motor Corporation (Japan),Parent,Release
,,,Takara BIO Inc. (Japan),https://ror.org/028t8vy11,https://ror.org/021m54z79,Takara (Japan),Parent,Release
,,,"Chiyoda UTE Co., Ltd. (Japan)",https://ror.org/01jvtx062,https://ror.org/0190rg629,Knauf (Germany),Parent,Release
,,,DuPont Kabushiki Kaisha (Japan),https://ror.org/01km3g857,https://ror.org/03g3m1w62,DuPont (United States),Parent,Release
,,,"Denka Seiken Co., Ltd. (Japan)",https://ror.org/00krjjz98,https://ror.org/03jaff633,Denka (Japan),Successor,Release
,,,Dentsply Sirona K.K. (Japan),https://ror.org/0593mny20,https://ror.org/05wrggx03,Dentsply Sirona (United States),Parent,Release
,,,DENTSPLY Sankin K.K. (Japan),https://ror.org/04pjqww20,https://ror.org/05wrggx03,Dentsply Sirona (United States),Parent,Release
,,,"TOYO Advanced Technologies Co., Ltd. (Japan)",https://ror.org/024ck0b97,https://ror.org/05hk1wv51,Mazda Motor Corporation (Japan),Parent,Release
,,,"Toppan Forms Co., Ltd. (Japan)",https://ror.org/044cx6b47,https://ror.org/01kz55g98,Toppan (Japan),Parent,Release
,,,Toyota WOOD YOU HOME Co. (Japan),https://ror.org/00bvp2j70,https://ror.org/02zqm6r10,Toyota Motor Corporation (Japan),Parent,Release
,,,Toyota Technical Development Corporation (Japan),https://ror.org/02qmgp631,https://ror.org/02zqm6r10,Toyota Motor Corporation (Japan),Parent,Release
,,,"Toyota Motor East Japan, Inc. (Japan)",https://ror.org/00v5n8271,https://ror.org/02zqm6r10,Toyota Motor Corporation (Japan),Parent,Release
,,,"Toyota AUTO BODY Co., Ltd. (Japan)",https://ror.org/03rmjy788,https://ror.org/02zqm6r10,Toyota Motor Corporation (Japan),Parent,Release
,,,"Mitsubishi Nichiyu Forklift Co., Ltd. (Japan)",https://ror.org/01qydx688,https://ror.org/02aq67p44,Mitsubishi Heavy Industries (Japan),Parent,Release
,,,"Mitsubishi Nichiyu Forklift Co., Ltd. (Japan)",https://ror.org/01qydx688,https://ror.org/03j49hj65,"Mitsubishi Logisnext Co., Ltd. (Japan)",Successor,Production
,,,Nittan Company Limited (Japan),https://ror.org/015h28g83,https://ror.org/05ggzej07,Secom (Japan),Parent,Release
,,,Bayer CropScience K.K. (Japan),https://ror.org/013xk4n31,https://ror.org/05arv2073,Bayer (Japan),Parent,Release
,,,"Panasonic Ecology Systems Co., Ltd. (Japan)",https://ror.org/0240h9688,https://ror.org/011tm7n37,Panasonic (Japan),Parent,Release
,,,"Panasonic Connect Co., Ltd. (Japan)",https://ror.org/03jcpgy03,https://ror.org/011tm7n37,Panasonic (Japan),Parent,Release
,,,"Panasonic System Networks Co., Ltd. (Japan)",https://ror.org/01pnn4w76,https://ror.org/011tm7n37,Panasonic (Japan),Parent,Release
,,,"Panasonic Mobile Communications Co., Ltd. (Japan)",https://ror.org/03fbcj745,https://ror.org/011tm7n37,Panasonic (Japan),Parent,Release
,,,"Panasonic Lighting Systems Co., Ltd. (Japan)",https://ror.org/00ffgyz20,https://ror.org/011tm7n37,Panasonic (Japan),Parent,Release
,,,"San'in Panasonic Co., Ltd. (Japan)",https://ror.org/03gtgnn53,https://ror.org/011tm7n37,Panasonic (Japan),Parent,Release
,,,"Panasonic Electric Works Co., Ltd. (Japan)",https://ror.org/03mc0fa98,https://ror.org/011tm7n37,Panasonic (Japan),Parent,Release
,,,"DMG MORI Digital Co., Ltd. (Japan)",https://ror.org/016d6nc02,https://ror.org/02fnq0s83,DMG Mori (Japan),Parent,Release
,,,Pfizer R&D Japan G.K. (Japan),https://ror.org/048q44s16,https://ror.org/05pm71w80,Pfizer (Japan),Parent,Release
,,,"Bridgestone Cycle Co., Ltd. (Japan)",https://ror.org/05b466829,https://ror.org/04trbvb35,Bridgestone (Japan),Parent,Release
,,,Bruker Japan K.K. (Japan),https://ror.org/04sgjrn06,https://ror.org/04r739x86,Bruker (United States),Parent,Release
,,,Procter & Gamble Japan K.K. (Japan),https://ror.org/04zfpmb95,https://ror.org/04dkns738,Procter & Gamble (United States),Parent,Release
,,,Pokka Sapporo Food & Beverage Ltd. (Japan),https://ror.org/039wre405,https://ror.org/02hes1t22,Sapporo Holdings (Japan),Parent,Release
,,,Mahle Electric Drives Japan Corporation (Japan),https://ror.org/04t2keg45,https://ror.org/031npzc88,Mahle (Germany),Parent,Release
,,,Mahle Engine Components Japan Corporation (Japan),https://ror.org/02jjsge77,https://ror.org/031npzc88,Mahle (Germany),Parent,Release
,,,"Micron Memory Japan, K.K. (Japan)",https://ror.org/01kck4b19,https://ror.org/02fv52296,Micron (United States),Parent,Release
,,,"Mikado Kyowa SEED Co., Ltd. (Japan)",https://ror.org/032h20z96,https://ror.org/038kt2y93,Vilmorin-Mikado (Japan),Successor,Production
,,,"Mizuho Information & Research Institute, Inc. (Japan)",https://ror.org/04e2w5782,https://ror.org/05e34ra63,Mizuho (Japan),Parent,Release
,,,"Yanmar Agribusiness Co., Ltd. (Japan)",https://ror.org/03ewc1h61,https://ror.org/00xysp757,Yanmar (Japan),Parent,Release
,,,Yutaka Foods Corporation (Japan),https://ror.org/04k7aen41,https://ror.org/040anr776,Toyo Suisan (Japan),Parent,Release
,,,Ricoh Elemex Corporation (Japan),https://ror.org/04axgva77,https://ror.org/02h4myp42,Ricoh (Japan),Parent,Release
,,,"RHYTHM Watch Co., Ltd. (Japan)",https://ror.org/04ct0h357,https://ror.org/02sk7z068,"Rhythm Co., Ltd. (Japan)",Successor,Production
,,,"RN Construction Co., Ltd. (Japan)",https://ror.org/02rt46q80,https://ror.org/00452b662,"Imabari Shipbuilding Co., Ltd. (Japan)",Parent,Release
,,,"ROHM Wako Co., Ltd. (Japan)",https://ror.org/05rkskc50,https://ror.org/00vttj605,ROHM,Parent,Release
,,,"Aichi Electric Co., Ltd. (Japan)",https://ror.org/01v8ayf64,https://ror.org/02n7mrn32,Chubu Electric Power (Japan),Related,Release
,,,"Asahi Fiber Glass Co., Ltd. (Japan)",https://ror.org/05cqdyq76,https://ror.org/03jw8f702,"Yoshino Gypsum Co., Ltd. (Japan)",Parent,Release
,,,Asahi Kasei Therapeutics Corporation (Japan),https://ror.org/02fy54p06,https://ror.org/018wp0236,Asahi Kasei (Japan),Parent,Release
,,,Asahi Kasei Homes Corporation (Japan),https://ror.org/01h613k03,https://ror.org/018wp0236,Asahi Kasei (Japan),Parent,Release
,,,"Asahi Kasei Medical Co., Ltd. (Japan)",https://ror.org/05ffg2a85,https://ror.org/018wp0236,Asahi Kasei (Japan),Parent,Release
,,,Asahi Kasei Construction Materials Corporation (Japan),https://ror.org/04na46b94,https://ror.org/018wp0236,Asahi Kasei (Japan),Parent,Release
,,,"Asahi Glass Engineering Co., Ltd. (Japan)",https://ror.org/027f9mw48,https://ror.org/02nnhbq91,Asahi Glass (Japan),Parent,Release
,,,"Asahi Glass Engineering Co., Ltd. (Japan)",https://ror.org/027f9mw48,https://ror.org/003jq2493,"AGC Engineering Co., Ltd. (Japan)",Successor,Production
,,,Yaskawa Information SYSTEMS Corporation (Japan),https://ror.org/01x8e3e35,https://ror.org/037qwc103,Yaskawa Electric (Japan),Related,Release
,,,Itochu Techno-Solutions Corporation (Japan),https://ror.org/00nsb2c30,https://ror.org/03qashd50,Itochu (Japan),Parent,Release
,,,"UBE Exsymo Co., Ltd. (Japan)",https://ror.org/03pk4ek55,https://ror.org/05xhmzx41,Ube (Japan),Parent,Release
,,,Yokogawa Solution Service Corporation (Japan),https://ror.org/000716y36,https://ror.org/04bdy7914,Yokogawa Electric (Japan),Parent,Release
,,,"YDK Technologies Co., Ltd. (Japan)",https://ror.org/002834982,https://ror.org/00452b662,"Imabari Shipbuilding Co., Ltd. (Japan)",Related,Release
,,,"Oji F-Tex Co., Ltd. (Japan)",https://ror.org/00jmwt418,https://ror.org/048n7pq28,Oji Holdings (Japan),Parent,Release
,,,"Oji Container Co., Ltd. (Japan)",https://ror.org/0241rcv15,https://ror.org/048n7pq28,Oji Holdings (Japan),Parent,Release
,,,"Oji Paper Co., Ltd. (Japan)",https://ror.org/00nvd8535,https://ror.org/048n7pq28,Oji Holdings (Japan),Parent,Release
,,,"OKI Electric Cable Co., Ltd. (Japan)",https://ror.org/01819vp69,https://ror.org/0503rt987,Oki Electric Industry (Japan),Parent,Release
,,,IHI Agri-Tech Corporation (Japan),https://ror.org/01t25gb81,https://ror.org/018nb9n34,IHI Corporation (Japan),Parent,Release
,,,"IHI Infra-square Co., Ltd. (Japan)",https://ror.org/00jg3bm06,https://ror.org/018nb9n34,IHI Corporation (Japan),Parent,Release
,,,"IHI Aerospace Co., Ltd. (Japan)",https://ror.org/02xketv37,https://ror.org/018nb9n34,IHI Corporation (Japan),Parent,Release
,,,"IHI Shibaura Tec Co., Ltd. (Japan)",https://ror.org/00fwb7q78,https://ror.org/018nb9n34,IHI Corporation (Japan),Parent,Release
,,,"IHI Turbo Co., Ltd. (Japan)",https://ror.org/031ty7t63,https://ror.org/018nb9n34,IHI Corporation (Japan),Parent,Release
,,,"IHI Rotating Machinery Engineering Co., Ltd. (Japan)",https://ror.org/01a1hkx66,https://ror.org/018nb9n34,IHI Corporation (Japan),Parent,Release
,,,"IHI Machinery and Furnace Co., Ltd. (Japan)",https://ror.org/03jm0w415,https://ror.org/018nb9n34,IHI Corporation (Japan),Parent,Release
,,,"IHI Inspection & Instrumentation Co., Ltd. (Japan)",https://ror.org/04qafwj23,https://ror.org/018nb9n34,IHI Corporation (Japan),Parent,Release
,,,NBC Meshtec Inc. (Japan),https://ror.org/05h1d6492,https://ror.org/04xq9nz88,Nisshin Seifun Group (Japan),Parent,Release
,,,"NEC Informatec Systems, Ltd. (Japan)",https://ror.org/05hyvqa68,https://ror.org/04jndar25,NEC (Japan),Parent,Release
,,,"NHK Technologies, Inc. (Japan)",https://ror.org/02660n541,https://ror.org/01s8tz949,Japan Broadcasting Corporation (Japan),Parent,Release
,,,"NTT DOCOMO, Inc. (Japan)",https://ror.org/03n2yfa15,https://ror.org/00berct97,NTT (Japan),Parent,Release
,,,"SCREEN Semiconductor Solutions Co., Ltd. (Japan)",https://ror.org/00aywkt47,https://ror.org/00p4am161,SCREEN (Japan),Parent,Release
,,,"DNP Scientific Analysis Center, Inc. (Japan)",https://ror.org/026jzvq81,https://ror.org/01be2k939,Dai Nippon Printing (Japan),Parent,Release
,,,"DNP Scientific Analysis Center, Inc. (Japan)",https://ror.org/026jzvq81,https://ror.org/05xhmzx41,Ube (Japan),Related,Release
,,,"Amada WELD TECH Co., Ltd. (Japan)",https://ror.org/00fb7cy83,https://ror.org/01se4qt95,Amada (Japan),Successor,Release
,,,SNBL INA Ltd. (Japan),https://ror.org/02gav4q94,https://ror.org/01sqm5e44,Shin Nippon Biomedical Laboratories (Japan),Parent,Release
,,,Air Liquide Laboratories (Japan),https://ror.org/01z7r2306,https://ror.org/0431b2v07,Air Liquide (France),Parent,Release
,,,H&F Corporation (Japan),https://ror.org/02hb3rv49,https://ror.org/01se4qt95,Amada (Japan),Parent,Release
,,,NTT DATA Group Corporation (Japan),https://ror.org/055m49s16,https://ror.org/00berct97,NTT (Japan),Parent,Release
,,,"GAEART Co., Ltd. (Japan)",https://ror.org/037q5st78,https://ror.org/022h3vn82,"Kumagai GUMI Co., Ltd. (Japan)",Parent,Release
,,,Kanebo Cosmetics Inc. (Japan),https://ror.org/01rz1x825,https://ror.org/016t1kc57,Kao Corporation (Japan),Parent,Release
,,,"Konami Amusement Co., Ltd. (Japan)",https://ror.org/037skhk65,https://ror.org/052gr6m21,Konami (Japan),Parent,Release
,,,"Kobelco Research Institute, Inc. (Japan)",https://ror.org/02a1vsn34,https://ror.org/01d36yb27,Kobe Steel (Japan),Parent,Release
,,,GENE Design Inc. (Japan),https://ror.org/02wmjrw38,https://ror.org/044mkdq33,Ajinomoto (Japan),Parent,Release
,,,"Japan Tissue Engineering Co., Ltd. (Japan)",https://ror.org/00r4g4w23,https://ror.org/038kxkq33,Teijin (Japan),Parent,Release
,,,Japan Engine Corporation (Japan),https://ror.org/0507a7736,https://ror.org/02aq67p44,Mitsubishi Heavy Industries (Japan),Related,Release
,,,"Sokkia Co., Ltd. (Japan)",https://ror.org/04aex8w95,https://ror.org/01qktm695,Topcon Corporation (Japan),Parent,Release
,,,"Sokkia Topcon Co., Ltd. (Japan)",https://ror.org/009fqbp69,https://ror.org/03fevzd03,Topcon (Japan),Parent,Release
,,,Mitsubishi Chemical Techno-Research Corporation (Japan),https://ror.org/005g63q28,https://ror.org/05d8avs16,Mitsubishi Chemical (Japan),Parent,Release
,,,Tatsuno Corporation (Japan),https://ror.org/043h3tz45,https://ror.org/01wx7v544,Tatsuno Europe (Czechia),Child,Release
,,,Denso IT Laboratory Inc. (Japan),https://ror.org/05hv2ye71,https://ror.org/04hkpfa76,Denso (Japan),Parent,Release
,,,"Toyota InfoTechnology Center Co., Ltd. (Japan)",https://ror.org/013rn5g35,https://ror.org/02zqm6r10,Toyota Motor Corporation (Japan),Successor,Release
,,,"Nagano Tomato Co., Ltd. (Japan)",https://ror.org/0024dzj89,https://ror.org/00bavmx73,Nippon Flour Mills (Japan),Parent,Release
,,,"THK Precision Co., Ltd. (Japan)",https://ror.org/039694376,https://ror.org/02ex0xe53,THK (Japan),Parent,Release
,,,Nissei Corporation (Japan),https://ror.org/01zpca449,https://ror.org/01skwyh03,Nissan Chemical Corporation (Japan),Parent,Release
,,,"Noritake Coated Abrasive Co., Ltd. (Japan)",https://ror.org/0306q1q41,https://ror.org/019r8b147,Noritake (Japan),Parent,Release
,,,"Philips Japan, Limited (Japan)",https://ror.org/02pf9q447,https://ror.org/02p2bgp27,Philips (Netherlands),Parent,Release
,,,Fujikura Components Ltd. (Japan),https://ror.org/032x4vn89,https://ror.org/0123ma395,Fujikura (Japan),Parent,Release
,,,Makita Numazu Corporation (Japan),https://ror.org/01wqazx39,https://ror.org/03f1f6f50,Makita Corporation (Japan),Successor,Release
,,,Vilmorin-Mikado (Japan),https://ror.org/038kt2y93,https://ror.org/0440rnc27,Vilmorin & Cie (France),Parent,Release
,,,"Asahi Research Center Co., Ltd. (Japan)",https://ror.org/050jsjq06,https://ror.org/018wp0236,Asahi Kasei (Japan),Parent,Release
,,,Ebara Shinwa Ltd. (Japan),https://ror.org/0310f1288,https://ror.org/02yemx219,Ebara (Japan),Successor,Release
,,,"Nuclear Engineering, Ltd. (Japan)",https://ror.org/02tbd4h23,https://ror.org/03xrg8731,Kansai Electric Power (Japan),Parent,Release
,,,"Institute of Nuclear Safety System, Inc. (Japan)",https://ror.org/045a3ww30,https://ror.org/03xrg8731,Kansai Electric Power (Japan),Parent,Release
,,,"Furukawa Techno Material Co., Ltd. (Japan)",https://ror.org/01mt00m21,https://ror.org/05xe0se54,Furukawa Electric (Japan),Parent,Release
,,,"Mitsui E&S Technical Research Co., Ltd. (Japan)",https://ror.org/05n03e539,https://ror.org/04sm16305,Mitsui Engineering and Shipbuilding (Japan),Parent,Release
,,,"Mitsui Chemical Analysis & Consulting Service, Inc. (Japan)",https://ror.org/04y1ygz34,https://ror.org/05wh5fw51,Mitsui Chemicals (Japan),Parent,Release
,,,"Sumitomo Mitsui Trust Research Institute Co., Ltd. (Japan)",https://ror.org/01thdm408,https://ror.org/016padj08,Sumitomo Mitsui Trust Holdings (Japan),Parent,Release
,,,"Sumitomo Mitsui Financial Group, Inc. (Japan)",https://ror.org/00y7gtx96,https://ror.org/01an1rj90,Sumitomo Mitsui Banking Corporation,Child,Release
,,,Mitsui & Co. Global Strategic Studies Institute (Japan),https://ror.org/05yhakf24,https://ror.org/05tm9j755,Mitsui & Co (Japan),Parent,Release
,,,Nidec Instruments Corporation (Japan),https://ror.org/03whpv485,https://ror.org/05xmzbk80,Nidec (Japan),Parent,Release
,,,"Mitsubishi UFJ Financial Group, Inc. (Japan)",https://ror.org/058z4fa25,https://ror.org/0234cd281,Mitsubishi Group (Japan),Parent,Release
,,,Mitsubishi Chemical Research Corporation (Japan),https://ror.org/001ch2p44,https://ror.org/05d8avs16,Mitsubishi Chemical (Japan),Parent,Release
,,,Kyushu TLO Company Limited (Japan),https://ror.org/04t0fxz70,https://ror.org/00p4k0j84,Kyushu University,Related,Release
,,,Japan Investment Corporation (Japan),https://ror.org/03tsqeq30,https://ror.org/03ftb9350,Government of Japan,Parent,Release
,,,"Sumika Technical Information Service, Inc. (Japan)",https://ror.org/03v2zpj19,https://ror.org/03nyxmy82,Sumitomo Chemical (Japan),Parent,Release
,,,"Sumika Chemical Analysis Service, Ltd. (Japan)",https://ror.org/05hjtwz09,https://ror.org/03nyxmy82,Sumitomo Chemical (Japan),Parent,Release
,,,"Ishikawajima Iwakuni Seisakusho, Ltd. (Japan)",https://ror.org/00v7zzt62,https://ror.org/018nb9n34,IHI Corporation (Japan),Parent,Release
,,,"Chugai Research Institute For Medical Science, Inc. (Japan)",https://ror.org/04rcjr647,https://ror.org/01v743b94,"Chugai Pharmaceutical Co., Ltd. (Japan)",Parent,Release
,,,"Tokai Rika Tohoku Co., Ltd. (Japan)",https://ror.org/05s3tfa75,https://ror.org/012gxwa15,Tokai Rika (Japan),Parent,Release
,,,"ALTEN Japan Co., Ltd. (Japan)",https://ror.org/01ew07c74,https://ror.org/049e6hd13,Alten (France),Parent,Release
,,,"TOYO Kensa Center Co., Ltd. (Japan)",https://ror.org/01yh03776,https://ror.org/018wp0236,Asahi Kasei (Japan),Parent,Release
,,,"Nissan ARC, Ltd. (Japan)",https://ror.org/0434z3y25,https://ror.org/01nks1c62,Nissan (Japan),Parent,Release
,,,"Japan Finechem Co., Inc. (Japan)",https://ror.org/0041nps20,https://ror.org/00mhg9s35,Mitsubishi Gas Chemical (Japan),Parent,Release
,,,"Nippon Paper Group, Inc. (Japan)",https://ror.org/034fk7c75,https://ror.org/00yzvve44,Nippon Paper Industries (Japan),Successor,Release
,,,"Hitachi KE Systems, Ltd. (Japan)",https://ror.org/05d0d0k59,https://ror.org/02exqgm79,Hitachi (Japan),Parent,Release
,,,"Hitachi Solutions Create, Ltd. (Japan)",https://ror.org/02b9nhw33,https://ror.org/02exqgm79,Hitachi (Japan),Parent,Release
,,,"Hitachi Solutions East Japan, Ltd. (Japan)",https://ror.org/05tvmcz28,https://ror.org/02exqgm79,Hitachi (Japan),Parent,Release
,,,Hitachi High-Tech Fielding Corporation (Japan),https://ror.org/05fp46a83,https://ror.org/033a1rv92,Hitachi High-Tech (Japan),Parent,Release
,,,"Hitachi Power Solutions Co., Ltd. (Japan)",https://ror.org/014vtcz10,https://ror.org/02exqgm79,Hitachi (Japan),Parent,Release
,,,"Hitachi Government & Public Sector Systems, Ltd. (Japan)",https://ror.org/020n4ep59,https://ror.org/02exqgm79,Hitachi (Japan),Parent,Release
,,,"Hitachi Government & Public Sector Systems, Ltd. (Japan)",https://ror.org/020n4ep59,https://ror.org/01m59y138,"Hitachi Social Information Services, Ltd. (Japan)",Successor,Production
,,,KOKUSAI DENKI Electric Inc. (Japan),https://ror.org/00z5vb879,https://ror.org/01ppn7a90,Nisshinbo Holdings (Japan),Parent,Release
,,,"Hitachi Industrial Equipment Systems Co., Ltd. (Japan)",https://ror.org/00c8xe383,https://ror.org/02exqgm79,Hitachi (Japan),Parent,Release
,,,"Hitachi Social Information Services, Ltd. (Japan)",https://ror.org/01m59y138,https://ror.org/02exqgm79,Hitachi (Japan),Parent,Release
,,,"Hitachi Information SYSTEMS, Ltd. (Japan)",https://ror.org/00fht1027,https://ror.org/02exqgm79,Hitachi (Japan),Parent,Release
,,,"Honda R&D Co., Ltd. (Japan)",https://ror.org/05xzpeh07,https://ror.org/03jzay846,Honda (Japan),Parent,Release
,,,"Kansai Business Information, Inc. (Japan)",https://ror.org/054c92s46,https://ror.org/03s6cj295,Osaka Gas (Japan),Parent,Release
,,,"Kansai Coke and Chemicals Company, Limited (Japan)",https://ror.org/05t3gx460,https://ror.org/01d36yb27,Kobe Steel (Japan),Parent,Release
,,,"Kanto Auto Works, Ltd. (Japan)",https://ror.org/00w1ws569,https://ror.org/02zqm6r10,Toyota Motor Corporation (Japan),Parent,Release
,,,"Marubeni Nisshin Feed Co., Ltd. (Japan)",https://ror.org/00rmr8t86,https://ror.org/04xq9nz88,Nisshin Seifun Group (Japan),Related,Release
,,,"Marubeni Setzbi Co., Ltd. (Japan)",https://ror.org/03g6jjw80,https://ror.org/04b4b7111,"Japan Facilio Co., Ltd. (Japan)",Successor,Production
,,,"Miyaji Engineering Group, Inc. (Japan)",https://ror.org/026gtd838,https://ror.org/011qk3k39,"MM Bridge Co., Ltd. (Japan)",Child,Release
,,,Kyocera Crystal Device Corporation (Japan),https://ror.org/051bewp47,https://ror.org/025y1g718,Kyocera (Japan),Successor,Release
,,,KOWA Pharmaceutical Company Ltd. (Japan),https://ror.org/05q0feg63,https://ror.org/009z2z347,Kowa (Japan),Parent,Release
,,,KOWA Pharmaceutical Company Ltd. (Japan),https://ror.org/05q0feg63,https://ror.org/009z2z347,Kowa (Japan),Successor,Release
,,,"Kintetsu Railway Co., Ltd. (Japan)",https://ror.org/03cnr6e20,https://ror.org/01pwpy693,"Kintetsu Group Holdings Co., Ltd. (Japan)",Parent,Release
,,,"Fujisash Kyushu Co., Ltd. (Japan)",https://ror.org/04atekb34,https://ror.org/018qe7008,"Fujisash Co., Ltd. (Japan)",Parent,Release
,,,"Nuclear Fuel Industries, Ltd. (Japan)",https://ror.org/02dc9kd16,https://ror.org/0326v3z14,Toshiba (Japan),Parent,Release
,,,Furukawa Engineering & Construction Inc. (Japan),https://ror.org/03swbhh41,https://ror.org/05xe0se54,Furukawa Electric (Japan),Parent,Release
,,,"Furukawa Electric Power SYSTEMS Co., Ltd. (Japan)",https://ror.org/00554de86,https://ror.org/05xe0se54,Furukawa Electric (Japan),Parent,Release
,,,"Furukawa Electric Metal Cable Co., Ltd. (Japan)",https://ror.org/02phanm40,https://ror.org/05xe0se54,Furukawa Electric (Japan),Parent,Release
,,,"KOWA Seiko Co., Ltd. (Japan)",https://ror.org/015zbhe75,https://ror.org/016vzmc05,Nippon Steel (Japan),Parent,Release
,,,Kokusai Chart Corporation (Japan),https://ror.org/039rr5762,https://ror.org/013hyfg52,"Nakabayashi Co., Ltd. (Japan)",Parent,Release
,,,"Sysmex International Reagents Co., Ltd. (Japan)",https://ror.org/011xjrs43,https://ror.org/00gfstq19,Sysmex (Japan),Successor,Release
,,,"Mitsui Chemicals Crop & Life Solutions, Inc (Japan)",https://ror.org/037crbs81,https://ror.org/05wh5fw51,Mitsui Chemicals (Japan),Parent,Release
,,,"Shimonoseki Mitsui Chemicals, Inc. (Japan)",https://ror.org/05c2pcy64,https://ror.org/05wh5fw51,Mitsui Chemicals (Japan),Parent,Release
,,,Hi-Lex ACT Corporation (Japan),https://ror.org/0212mrj34,https://ror.org/00xg5j618,HI-LEX (Japan),Parent,Release
,,,"Mitsui Mineral Development Engineering Co., Ltd. (Japan)",https://ror.org/041gcqe72,https://ror.org/027kpf759,Mitsui Mining & Smelting (Japan),Parent,Release
,,,"Mitsui DM Sugar Co., Ltd. (Japan)",https://ror.org/00x8gkx64,https://ror.org/00v7rqs27,Mitsui Sugar (Japan),Predecessor,Release
,,,"Mitsui Energy Development Co., Ltd. (Japan)",https://ror.org/01jdx8f15,https://ror.org/05tm9j755,Mitsui & Co (Japan),Parent,Release
,,,"Sanko Metal Industrial Co., Ltd. (Japan)",https://ror.org/01p5jn478,https://ror.org/016vzmc05,Nippon Steel (Japan),Parent,Release
,,,"Mitani Shindo Co., Ltd. (Japan)",https://ror.org/030dwf468,https://ror.org/03dxpdb95,"CK SAN-ETSU Metals Co., Ltd. (Japan)",Parent,Release
,,,"Nippon Paper Papylia Co., Ltd. (Japan)",https://ror.org/00nzaqn25,https://ror.org/00yzvve44,Nippon Paper Industries (Japan),Parent,Release
,,,"Mitsubishi FBR Systems, Inc. (Japan)",https://ror.org/05nfrar05,https://ror.org/02aq67p44,Mitsubishi Heavy Industries (Japan),Parent,Release
,,,Mitsubishi Pharma Corporation (Japan),https://ror.org/04532w674,https://ror.org/038ehsm73,Mitsubishi Tanabe Pharma Corporation,Successor,Release
,,,Mitsubishi Engineering-Plastics Corporation (Japan),https://ror.org/04xdmge43,https://ror.org/00mhg9s35,Mitsubishi Gas Chemical (Japan),Parent,Release
,,,Mitsubishi Engineering-Plastics Corporation (Japan),https://ror.org/04xdmge43,https://ror.org/05d8avs16,Mitsubishi Chemical (Japan),Parent,Release
,,,"Mitsubishi Chemical Aqua Solutions Co., Ltd. (Japan)",https://ror.org/004z2qf93,https://ror.org/05d8avs16,Mitsubishi Chemical (Japan),Parent,Release
,,,Mitsubishi Chemical Engineering Corporation (Japan),https://ror.org/05kr34e73,https://ror.org/05d8avs16,Mitsubishi Chemical (Japan),Parent,Release
,,,Mitsubishi Materials Techno Corporation (Japan),https://ror.org/04spefb29,https://ror.org/03p5evc41,Mitsubishi Materials (Japan),Parent,Release
,,,"Mitsubishi Materials Electronic Chemicals Co., Ltd. (Japan)",https://ror.org/003mfw371,https://ror.org/03p5evc41,Mitsubishi Materials (Japan),Parent,Release
,,,"Mitsubishi Nuclear Fuel Co., Ltd. (Japan)",https://ror.org/01ed87e96,https://ror.org/02aq67p44,Mitsubishi Heavy Industries (Japan),Parent,Release
,,,"Mitsubishi Heavy Industries Machinery Systems, Ltd. (Japan)",https://ror.org/01agspv74,https://ror.org/02aq67p44,Mitsubishi Heavy Industries (Japan),Parent,Release
,,,Mitsubishi Heavy Industries Air-Conditioning & Refrigeration Corporation (Japan),https://ror.org/03fk2r572,https://ror.org/02aq67p44,Mitsubishi Heavy Industries (Japan),Related,Release
,,,"Mitsubishi Shokuhin Co., Ltd. (Japan)",https://ror.org/00acv6f33,https://ror.org/014m1ef46,Mitsubishi Corporation (Japan),Parent,Release
,,,"Mitsubishi Steel Mfg. Co., Ltd. (Japan)",https://ror.org/00xdmj451,https://ror.org/0234cd281,Mitsubishi Group (Japan),Parent,Release
,,,Mitsubishi Logistics Corporation (Japan),https://ror.org/0528yv541,https://ror.org/0234cd281,Mitsubishi Group (Japan),Parent,Release
,,,"Mitsubishi Estate Co., Ltd. (Japan)",https://ror.org/00vgpne92,https://ror.org/0234cd281,Mitsubishi Group (Japan),Parent,Release
,,,"Mitsubishi Electric Engineering Company, Limited (Japan)",https://ror.org/028aga834,https://ror.org/033y26782,Mitsubishi Electric (Japan),Parent,Release
,,,"Mitsubishi Cable Industries, Ltd. (Japan)",https://ror.org/00r1xq380,https://ror.org/03p5evc41,Mitsubishi Materials (Japan),Parent,Release
,,,"Mitsubishi Power, Ltd. (Japan)",https://ror.org/04a45z349,https://ror.org/02aq67p44,Mitsubishi Heavy Industries (Japan),Parent,Release
,,,"Sanyo Special Steel Co., Ltd. (Japan)",https://ror.org/04dcaej40,https://ror.org/016vzmc05,Nippon Steel (Japan),Parent,Release
,,,Shikoku Chemicals Corporation (Japan),https://ror.org/01f704f74,https://ror.org/02xbm4h96,Shikoku (Japan),Parent,Release
,,,"Shikoku Electric Power Co., Inc. (Japan)",https://ror.org/01m0bwf79,https://ror.org/04rx6q792,Yondenko Corporation (Japan),Related,Release
,,,"Kajima ROAD Co., Ltd. (Japan)",https://ror.org/059hc8c76,https://ror.org/048gksa87,Kajima Corporation (Japan),Parent,Release
,,,"Sumika Covestro Urethane Co., Ltd. (Japan)",https://ror.org/01cvvph47,https://ror.org/01b44s469,Covestro (Germany),Parent,Release
,,,"Sumika Covestro Urethane Co., Ltd. (Japan)",https://ror.org/01cvvph47,https://ror.org/03nyxmy82,Sumitomo Chemical (Japan),Parent,Release
,,,Sumika Polycarbonate Limited (Japan),https://ror.org/03ma20b36,https://ror.org/03nyxmy82,Sumitomo Chemical (Japan),Parent,Release
,,,"Sumikin Stainless Steel TUBE Co., Ltd. (Japan)",https://ror.org/03wvv1j38,https://ror.org/016vzmc05,Nippon Steel (Japan),Parent,Release
,,,"Sumikin Stainless Steel TUBE Co., Ltd. (Japan)",https://ror.org/03wvv1j38,https://ror.org/04per0z90,"Nippon Steel Stainless Steel Pipe Co., Ltd. (Japan)",Successor,Production
,,,"Nippon Steel Slag Products Co., Ltd. (Japan)",https://ror.org/00sb1dh42,https://ror.org/016vzmc05,Nippon Steel (Japan),Parent,Release
,,,"Nippon Steel Spiral Pipe Company, Ltd. (Japan)",https://ror.org/032khxj73,https://ror.org/016vzmc05,Nippon Steel (Japan),Parent,Release
,,,"Sumiko Resources Exploration & Development Co., Ltd. (Japan)",https://ror.org/0160zbg78,https://ror.org/00h7gyj76,Sumitomo Metal Mining (Japan),Parent,Release
,,,"Sumitomo Nacco Forklift Co., Ltd. (Japan)",https://ror.org/007sqz149,https://ror.org/03yskk486,Sumitomo Heavy Industries (Japan),Parent,Release
,,,"Sumitomo Nacco Forklift Co., Ltd. (Japan)",https://ror.org/007sqz149,https://ror.org/05mvt5123,Hyster-Yale Materials Handling (United States),Parent,Release
,,,"Sumitomo (S.H.I.) Construction Machinery Co., Ltd. (Japan)",https://ror.org/04hvk8047,https://ror.org/03yskk486,Sumitomo Heavy Industries (Japan),Parent,Release
,,,"Sumitomo Heavy Industries Gearbox Co., Ltd. (Japan)",https://ror.org/034w8b465,https://ror.org/03yskk486,Sumitomo Heavy Industries (Japan),Parent,Release
,,,"Sumitomo Heavy Industries Himatex Co., Ltd. (Japan)",https://ror.org/03yt8m480,https://ror.org/03yskk486,Sumitomo Heavy Industries (Japan),Parent,Release
,,,"Sumitomo Electric Wintec, Inc. (Japan)",https://ror.org/05m227529,https://ror.org/05rnkb382,Sumitomo Electric Industries (Japan),Parent,Release
,,,"Sumitomo Electric Device Innovations, Inc. (Japan)",https://ror.org/00598g184,https://ror.org/05rnkb382,Sumitomo Electric Industries (Japan),Parent,Release
,,,Sumitomo Electric Hardmetal Corporation (Japan),https://ror.org/02rjxwb21,https://ror.org/05rnkb382,Sumitomo Electric Industries (Japan),Parent,Release
,,,"Sumitomo Wiring Systems, Ltd. (Japan)",https://ror.org/00hwcny67,https://ror.org/05rnkb382,Sumitomo Electric Industries (Japan),Parent,Release
,,,"Idemitsu Engineering Co., Ltd. (Japan)",https://ror.org/03zbq2f69,https://ror.org/002v59719,Idemitsu Kosan (Japan),Parent,Release
,,,"Onoda Chemico Co., Ltd. (Japan)",https://ror.org/00eb5q720,https://ror.org/00zfn8q88,Taiheiyo Cement Corporation (Japan),Parent,Release
,,,KYOCERA SOC Corporation (Japan),https://ror.org/03ns9p525,https://ror.org/025y1g718,Kyocera (Japan),Parent,Release
,,,Showa Shell Sekiyu K.K. (Japan),https://ror.org/00jsxgk71,https://ror.org/002v59719,Idemitsu Kosan (Japan),Parent,Release
,,,"Showa Mining Co., Ltd. (Japan)",https://ror.org/013rz5015,https://ror.org/04qqn7q08,"Showa KDE Co., Ltd. (Japan)",Successor,Production
,,,"Showa Tansan Co., Ltd. (Japan)",https://ror.org/01qahpn54,https://ror.org/01pshgb33,Resonac (Japan),Parent,Release
,,,"Showa Tansan Co., Ltd. (Japan)",https://ror.org/01qahpn54,https://ror.org/05ppyce07,Resonac Gas Products Corporation (Japan),Successor,Production
,,,Resonac Gas Products Corporation (Japan),https://ror.org/05ppyce07,https://ror.org/01pshgb33,Resonac (Japan),Parent,Release
,,,"Showa Yakuhin KAKO Co., Ltd. (Japan)",https://ror.org/05n4qbc95,https://ror.org/01jrqwn31,GC Corporation (Japan),Parent,Release
,,,"Matsushita Ecology SYSTEMS Co., Ltd. (Japan)",https://ror.org/03vf31634,https://ror.org/011tm7n37,Panasonic (Japan),Parent,Release
,,,"SHIN-ETSU Polymer Co., Ltd. (Japan)",https://ror.org/01p5rb272,https://ror.org/05tq4a167,ShinEtsu Chemical (Japan),Parent,Release
,,,"BX Shinsei Seiki Co., Ltd. (Japan)",https://ror.org/028papb08,https://ror.org/054gh3109,"Bunka Shutter Co., Ltd. (Japan)",Parent,Release
,,,"Nippon Steel Engineering Co., Ltd. (Japan)",https://ror.org/029sgfb46,https://ror.org/016vzmc05,Nippon Steel (Japan),Parent,Release
,,,NS Solutions Corporation (Japan),https://ror.org/0130sbp19,https://ror.org/016vzmc05,Nippon Steel (Japan),Parent,Release
,,,"Nippon Steel & Sumikin Engineering Co., Ltd. (Japan)",https://ror.org/00y6cxd62,https://ror.org/016vzmc05,Nippon Steel (Japan),Parent,Release
,,,"Nippon Steel & Sumikin Engineering Co., Ltd. (Japan)",https://ror.org/00y6cxd62,https://ror.org/029sgfb46,"Nippon Steel Engineering Co., Ltd. (Japan)",Successor,Production
,,,"Shin Nippon Machinery Co., Ltd. (Japan)",https://ror.org/05s6jw121,https://ror.org/03yskk486,Sumitomo Heavy Industries (Japan),Parent,Release
,,,"Nippon Denko Co., Ltd. (Japan)",https://ror.org/05nqe0j28,https://ror.org/016vzmc05,Nippon Steel (Japan),Parent,Release
,,,Nisshinbo Micro Devices Inc. (Japan),https://ror.org/03h9g9e96,https://ror.org/01ppn7a90,Nisshinbo Holdings (Japan),Parent,Release
,,,Nippon Steel & Sumikin Stainless Steel Corporation (Japan),https://ror.org/02ppwmh21,https://ror.org/016vzmc05,Nippon Steel (Japan),Parent,Release
,,,Nippon Steel & Sumikin Stainless Steel Corporation (Japan),https://ror.org/02ppwmh21,https://ror.org/038xd8q50,Nippon Steel Stainless Steel Corporation (Japan),Successor,Production
,,,"Okinawa Morinaga Milk Industry Co., Ltd. (Japan)",https://ror.org/05asq7780,https://ror.org/04hy75g65,"Morinaga Milk Industry Co., Ltd. (Japan)",Parent,Release
,,,"Shinko Pantec Co., Ltd. (Japan)",https://ror.org/0314a5f12,https://ror.org/01d36yb27,Kobe Steel (Japan),Parent,Release
,,,"Nippon Steel Kobelco Metal Products Co., Ltd. (Japan)",https://ror.org/02d495w10,https://ror.org/01d36yb27,Kobe Steel (Japan),Related,Release
,,,"Shinko WIRE Co., Ltd. (Japan)",https://ror.org/01ccfc543,https://ror.org/01d36yb27,Kobe Steel (Japan),Parent,Release
,,,Secaicho Corporation (Japan),https://ror.org/0472s2518,https://ror.org/044w28373,Secaicho Union Corporation (Japan),Successor,Production
,,,Nippon Telegraph And Telephone West Corporation (Japan),https://ror.org/02s9kmc59,https://ror.org/00berct97,NTT (Japan),Parent,Release
,,,Seibu Oil Company Limited (Japan),https://ror.org/04n9fc722,https://ror.org/002v59719,Idemitsu Kosan (Japan),Parent,Release
,,,IHI Plant Services Corporation (Japan),https://ror.org/03znw0618,https://ror.org/018nb9n34,IHI Corporation (Japan),Parent,Release
,,,"Ishikawajima Transport Machinery Co., Ltd. (Japan)",https://ror.org/01z69bk15,https://ror.org/018nb9n34,IHI Corporation (Japan),Parent,Release
,,,"Ishikawajima Transport Machinery Co., Ltd. (Japan)",https://ror.org/01z69bk15,https://ror.org/02fmncw65,"IHI Transport Machinery Co., Ltd. (Japan)",Successor,Production
,,,"Ishikawajima Construction Materials Co., Ltd. (Japan)",https://ror.org/01nxhzr49,https://ror.org/018nb9n34,IHI Corporation (Japan),Related,Release
,,,"Ishikawajima Shibaura Machinery Co., Ltd. (Japan)",https://ror.org/00kr2xk21,https://ror.org/018nb9n34,IHI Corporation (Japan),Parent,Release
,,,"SNOW Brand SEED Co., Ltd. (Japan)",https://ror.org/03a3fbh53,https://ror.org/03y46gc61,Megmilk Snow Brand (Japan),Parent,Release
,,,"Kawasaki Thermal Engineering Co., Ltd. (Japan)",https://ror.org/02ta48m64,https://ror.org/01sggg367,Kawasaki Heavy Industries (Japan),Parent,Release
,,,"Kawatetsu Machinery Co., Ltd. (Japan)",https://ror.org/035ddh676,https://ror.org/00ekjcj48,"JFE Plant Engineering Co., Ltd. (Japan)",Successor,Production
,,,Kawamoto Corporation (Japan),https://ror.org/03thp5k54,https://ror.org/02faq6h04,Air Water (Japan),Parent,Release
,,,Taihei Chemicals Ltd. (Japan),https://ror.org/0311whf50,https://ror.org/05efy4j44,Tosoh (Japan),Parent,Release
,,,"Osaka Gas Liquid Co., Ltd. (Japan)",https://ror.org/019qfbb90,https://ror.org/03s6cj295,Osaka Gas (Japan),Parent,Release
,,,NIDEC OKK CORPORATION (Japan),https://ror.org/03jhfxq83,https://ror.org/05xmzbk80,Nidec (Japan),Parent,Release
,,,"Osaka Steel Co., Ltd. (Japan)",https://ror.org/01wevav82,https://ror.org/016vzmc05,Nippon Steel (Japan),Parent,Release
,,,"Osaki Industry Co., Ltd. (Japan)",https://ror.org/01zm2n808,https://ror.org/0168wa849,Sakai Chemical Industry (Japan),Related,Release
,,,"TAISEI U-LEC Co., Ltd. (Japan)",https://ror.org/058z88p13,https://ror.org/015cafh73,Taisei (Japan),Parent,Release
,,,"Oshima Applied Chemical Industry Co., Ltd. (Japan)",https://ror.org/005t9nh21,https://ror.org/03mxtfp66,"Oshima OHYO Co., Ltd. (Japan)",Successor,Production
,,,"Dainippon Plastics Co., Ltd. (Japan)",https://ror.org/00hhjv925,https://ror.org/02y7x2v21,C.I. Takiron Corporation (Japan),Parent,Release
,,,Taiyo Vinyl Corporation (Japan),https://ror.org/018hqfn14,https://ror.org/05efy4j44,Tosoh (Japan),Parent,Release
,,,"Taiyo Pharmaceutical Industry Co., Ltd. (Japan)",https://ror.org/05e5ga765,https://ror.org/02czhax95,"T's Pharma Co., Ltd. (Japan)",Successor,Production
,,,Obayashi ROAD Corporation (Japan),https://ror.org/046gck990,https://ror.org/027qqvd10,Obayashi (Japan),Parent,Release
,,,"CHUORIKA KOGYO Co., Ltd. (Japan)",https://ror.org/02r8bdj33,https://ror.org/054tdt156,Kyudenko Corporation (Japan),Parent,Release
,,,"Chugoku Electric MFG. Co., Ltd. (Japan)",https://ror.org/040e64298,https://ror.org/02va37h22,Chugoku Electric Power (Japan),Parent,Release
,,,"Chugoku Electric MFG. Co., Ltd. (Japan)",https://ror.org/040e64298,https://ror.org/031hy7140,Daihen Corporation (Japan),Related,Release
,,,"Chugoku Electric WIRE Cable Co., Ltd. (Japan)",https://ror.org/057nfxg45,https://ror.org/01qxh4c22,"Tatsuta Electric WIRE Cable Co., Ltd. (Japan)",Parent,Release
,,,"Panasonic Electric Works Asahi Co., Ltd. (Japan)",https://ror.org/00jf5ha52,https://ror.org/011tm7n37,Panasonic (Japan),Parent,Release
,,,"Nagano Japan Radio Co., Ltd. (Japan)",https://ror.org/04q873e34,https://ror.org/01ppn7a90,Nisshinbo Holdings (Japan),Parent,Release
,,,Teijin Chemicals Ltd. (Japan),https://ror.org/01dns3643,https://ror.org/038kxkq33,Teijin (Japan),Successor,Release
,,,"TANAKA PRECIOUS METAL TECHNOLOGIES Co., Ltd. (Japan)",https://ror.org/022ezfa61,https://ror.org/03aewna27,Tanaka Holdings (Japan),Parent,Release
,,,"Dengensha Toa Co., Ltd. (Japan)",https://ror.org/0168an672,https://ror.org/05sbqw842,"Dengensha MFG. Co., Ltd. (Japan)",Successor,Production
,,,Tosoh Finechem Corporation (Japan),https://ror.org/01qvxe053,https://ror.org/05efy4j44,Tosoh (Japan),Parent,Release
,,,"Toray Textiles, Inc. (Japan)",https://ror.org/05064bk49,https://ror.org/029xh1r47,"Toray Industries, Inc. (Japan)",Parent,Release
,,,"DU PONT-Toray Co., Ltd. (Japan)",https://ror.org/04qrxbc64,https://ror.org/029xh1r47,"Toray Industries, Inc. (Japan)",Parent,Release
,,,"Toray FINE Chemicals Co., Ltd. (Japan)",https://ror.org/006hj4n67,https://ror.org/029xh1r47,"Toray Industries, Inc. (Japan)",Parent,Release
,,,"Toray Medical Co., Ltd. (Japan)",https://ror.org/00fesvw66,https://ror.org/029xh1r47,"Toray Industries, Inc. (Japan)",Parent,Release
,,,"TOA Valve Co., Ltd. (Japan)",https://ror.org/04t7ryn88,https://ror.org/02atd5z13,"TVE Co., Ltd. (Japan)",Successor,Production
,,,Tokyo Electron Technology Solutions Limited (Japan),https://ror.org/02chqxm62,https://ror.org/05gd76j39,Tokyo Electron (Japan),Parent,Release
,,,Tokyo Electron Kyushu Ltd (Japan),https://ror.org/00a611q12,https://ror.org/05gd76j39,Tokyo Electron (Japan),Parent,Release
,,,Tokyo Gas Engineering Solutions Corporation (Japan),https://ror.org/007t5p879,https://ror.org/044pzhf68,Tokyo Gas (Japan),Parent,Release
,,,"Tokyo Gas Chemicals Co., Ltd. (Japan)",https://ror.org/01gqt8h04,https://ror.org/044pzhf68,Tokyo Gas (Japan),Parent,Release
,,,"Tokyo Denpa Co., Ltd. (Japan)",https://ror.org/02astmr23,https://ror.org/04hd8bd67,Murata (Japan),Parent,Release
,,,Toshiba Infrastructure Systems & Solutions Corporation (Japan),https://ror.org/01v6rd044,https://ror.org/0326v3z14,Toshiba (Japan),Parent,Release
,,,Toshiba Infrastructure Systems & Solutions Corporation (Japan),https://ror.org/01v6rd044,https://ror.org/0326v3z14,Toshiba (Japan),Successor,Release
,,,Toshiba Energy Systems & Solutions Corporation (Japan),https://ror.org/0539p6z13,https://ror.org/0326v3z14,Toshiba (Japan),Parent,Release
,,,Toshiba Energy Systems & Solutions Corporation (Japan),https://ror.org/0539p6z13,https://ror.org/0326v3z14,Toshiba (Japan),Successor,Release
,,,Carrier Japan Corporation (Japan),https://ror.org/04wnsc303,https://ror.org/00my8w381,Carrier (United States),Parent,Release
,,,Carrier Japan Corporation (Japan),https://ror.org/04wnsc303,https://ror.org/0326v3z14,Toshiba (Japan),Related,Release
,,,Toshiba Digital Solutions Corporation (Japan),https://ror.org/014ex0552,https://ror.org/0326v3z14,Toshiba (Japan),Parent,Release
,,,Toshiba Digital Solutions Corporation (Japan),https://ror.org/014ex0552,https://ror.org/0326v3z14,Toshiba (Japan),Successor,Release
,,,"Toshiba Electronic SYSTEMS Co., Ltd. (Japan)",https://ror.org/048zajg02,https://ror.org/0326v3z14,Toshiba (Japan),Parent,Release
,,,Toshiba TEC Corporation (Japan),https://ror.org/02b2j2p47,https://ror.org/0326v3z14,Toshiba (Japan),Parent,Release
,,,Toshiba Electronic Devices & Storage Corporation (Japan),https://ror.org/040wv9y89,https://ror.org/0326v3z14,Toshiba (Japan),Parent,Release
,,,Toshiba TELI Corporation (Japan),https://ror.org/04sg7ya81,https://ror.org/0326v3z14,Toshiba (Japan),Parent,Release
,,,Toshiba Plant Systems & Services Corporation (Japan),https://ror.org/00thxpa13,https://ror.org/0326v3z14,Toshiba (Japan),Parent,Release
,,,"Toshiba Plant Kensetsu Co., Ltd. (Japan)",https://ror.org/0570yv116,https://ror.org/00thxpa13,Toshiba Plant Systems & Services Corporation (Japan),Successor,Production
,,,Toshiba Lifestyle Products & Services Corporation (Japan),https://ror.org/04qcsqb79,https://ror.org/006fm2278,Midea Group (China),Parent,Release
,,,Toshiba Lighting & Technology Corporation (Japan),https://ror.org/05k5zrp36,https://ror.org/0326v3z14,Toshiba (Japan),Parent,Release
,,,"Toshiba Electro-WAVE Products Co., Ltd. (Japan)",https://ror.org/0283n9s55,https://ror.org/0326v3z14,Toshiba (Japan),Parent,Release
,,,Nippon Telegraph And Telephone East Corporation (Japan),https://ror.org/03qhx9m42,https://ror.org/00berct97,NTT (Japan),Parent,Release
,,,"TOYO INK Manufacturing Co., Ltd. (Japan)",https://ror.org/02bwvwy92,https://ror.org/04tmv3q77,Toyo Ink (Japan),Child,Release
,,,"TOYO Glass Co., Ltd. (Japan)",https://ror.org/031w1g203,https://ror.org/03pfkgd48,Toyo Seikan (Japan),Parent,Release
,,,"TOYO Valve Co., Ltd. (Japan)",https://ror.org/011kqmc86,https://ror.org/04aw5bc37,KITZ Corporation (Japan),Successor,Release
,,,"Toyo Heisei Polymer Co., Ltd. (Japan)",https://ror.org/03gpne441,https://ror.org/04e6x9b31,"Heisei Polymer Co., Ltd. (Japan)",Predecessor,Release
,,,"TOMATEC Co., Ltd. (Japan)",https://ror.org/00pzqx589,https://ror.org/03pfkgd48,Toyo Seikan (Japan),Parent,Release
,,,"Tokan Kogyo Co., Ltd. (Japan)",https://ror.org/053n6p161,https://ror.org/03pfkgd48,Toyo Seikan (Japan),Parent,Release
,,,Fujikura Composites Inc. (Japan),https://ror.org/01v0qxt14,https://ror.org/0123ma395,Fujikura (Japan),Related,Release
,,,"Fujikura Kasei Co., Ltd. (Japan)",https://ror.org/04ej4v221,https://ror.org/0123ma395,Fujikura (Japan),Related,Release
,,,"Nichia Steel Works, Ltd. (Japan)",https://ror.org/02wcp1z90,https://ror.org/016vzmc05,Nippon Steel (Japan),Parent,Release
,,,"Nikka FATS & OILS Co., Ltd. (Japan)",https://ror.org/05k5fhy75,https://ror.org/02qxbps09,J-OIL Mills. Inc. (Japan),Parent,Release
,,,"Nippon Mining & Metals Co., Ltd. (Japan)",https://ror.org/049rvec61,https://ror.org/03rw2rj66,JXTG Holdings (Japan),Parent,Release
,,,"Nippon Mining & Metals Co., Ltd. (Japan)",https://ror.org/049rvec61,https://ror.org/00kc81z83,JX Advanced Metals Corporation (Japan),Successor,Production
,,,"Nissan Kohki Co., Ltd. (Japan)",https://ror.org/01488vb35,https://ror.org/01nks1c62,Nissan (Japan),Parent,Release
,,,"Nissan Shatai Co., Ltd. (Japan)",https://ror.org/03839h051,https://ror.org/01nks1c62,Nissan (Japan),Parent,Release
,,,"Nissin Chemical Industry Co., Ltd. (Japan)",https://ror.org/00v3aex21,https://ror.org/05tq4a167,ShinEtsu Chemical (Japan),Parent,Release
,,,"Nissin Electric Co., Ltd. (Japan)",https://ror.org/04359f544,https://ror.org/05rnkb382,Sumitomo Electric Industries (Japan),Parent,Release
,,,"Nissin Electric Co., Ltd. (Japan)",https://ror.org/04359f544,https://ror.org/03h1bp626,NHV Corporation (Japan),Child,Release
,,,Nisshin Flour Milling Inc. (Japan),https://ror.org/00wx06002,https://ror.org/04xq9nz88,Nisshin Seifun Group (Japan),Parent,Release
,,,"Nisso Metallo Chemical Co., Ltd. (Japan)",https://ror.org/01mczcy45,https://ror.org/01estnb82,Nippon Soda (Japan),Parent,Release
,,,"Nippon Steel Epoxy Manufacturing Co., Ltd. (Japan)",https://ror.org/04f2xdz32,https://ror.org/03dqqhs56,Nippon Steel Chemical and Material (Japan),Parent,Release
,,,Nippon Steel Stainless Steel Corporation (Japan),https://ror.org/038xd8q50,https://ror.org/016vzmc05,Nippon Steel (Japan),Parent,Release
,,,Nippon Steel Stainless Steel Corporation (Japan),https://ror.org/038xd8q50,https://ror.org/016vzmc05,Nippon Steel (Japan),Successor,Release
,,,"Nippon Steel Hardfacing Co., Ltd. (Japan)",https://ror.org/018xecq74,https://ror.org/016vzmc05,Nippon Steel (Japan),Parent,Release
,,,Nippon Steel Eco-Tech Corporation (Japan),https://ror.org/02kk3x434,https://ror.org/016vzmc05,Nippon Steel (Japan),Parent,Release
,,,"Nippon Steel Stainless Steel Pipe Co., Ltd. (Japan)",https://ror.org/04per0z90,https://ror.org/016vzmc05,Nippon Steel (Japan),Parent,Release
,,,"Nippon Steel Cement Co., Ltd. (Japan)",https://ror.org/04p88kr70,https://ror.org/016vzmc05,Nippon Steel (Japan),Parent,Release
,,,"Nippon Steel Technology Co., Ltd. (Japan)",https://ror.org/05qw2dk82,https://ror.org/016vzmc05,Nippon Steel (Japan),Parent,Release
,,,"Nippon Steel Texeng. Co., Ltd. (Japan)",https://ror.org/01gfqa984,https://ror.org/016vzmc05,Nippon Steel (Japan),Parent,Release
,,,"Nippon Steel Drum Co., Ltd. (Japan)",https://ror.org/05qcvar97,https://ror.org/016vzmc05,Nippon Steel (Japan),Parent,Release
,,,Nippon Steel Coated Sheet Corporation (Japan),https://ror.org/0269cdg61,https://ror.org/016vzmc05,Nippon Steel (Japan),Parent,Release
,,,Nitto Shinko Corporation (Japan),https://ror.org/02xk0fg96,https://ror.org/01kq4az79,Nitto (Japan),Parent,Release
,,,"Nitto Flour Milling Co., Ltd. (Japan)",https://ror.org/0496g0311,https://ror.org/02tsxq585,"Nitto Fuji Flour Milling Co., Ltd. (Japan)",Successor,Production
,,,"NHK Precision Co., Ltd. (Japan)",https://ror.org/0112ve490,https://ror.org/00vse3055,NHK Spring (Japan),Parent,Release
,,,"Nippon Advanced Technology Co., Ltd. (Japan)",https://ror.org/025vx5c47,https://ror.org/04t23sv93,Mitsubishi Space Software (Japan),Parent,Release
,,,Air Liquide Japan G.K. (Japan),https://ror.org/02vf1aw04,https://ror.org/0431b2v07,Air Liquide (France),Parent,Release
,,,"Japan Exlan Co., Ltd. (Japan)",https://ror.org/00a03p230,https://ror.org/020a33943,Toyobo (Japan),Parent,Release
,,,"Nippon Ester Co., Ltd. (Japan)",https://ror.org/04ydr2375,https://ror.org/02sq1ad32,Unitika (Japan),Parent,Release
,,,"Japan NUS Co., Ltd. (Japan)",https://ror.org/0158aw891,https://ror.org/023s2h905,JGC (Japan),Parent,Release
,,,Nippon OTIS Elevator Company (Japan),https://ror.org/03rspzw36,https://ror.org/0000p0n60,Otis (United States),Parent,Release
,,,"Nippon Closures Co., Ltd. (Japan)",https://ror.org/055249p23,https://ror.org/03pfkgd48,Toyo Seikan (Japan),Parent,Release
,,,"Idemitsu NTG Co., Ltd. (Japan)",https://ror.org/03dwp5x76,https://ror.org/002v59719,Idemitsu Kosan (Japan),Parent,Release
,,,Nippon Comsys Corporation (Japan),https://ror.org/032y73s09,https://ror.org/05jh2ar45,Comsys Holdings Corp. (Japan),Parent,Release
,,,Nidec Advanced Motor Corporation (Japan),https://ror.org/01t7bhv11,https://ror.org/05xmzbk80,Nidec (Japan),Parent,Release
,,,"Japan Jiffy Foods, Inc. (Japan)",https://ror.org/00nh1cc64,https://ror.org/03ja4b568,Kurabo Industries Ltd. (Japan),Parent,Release
,,,"Nihon Spindle Manufacturing Co., Ltd. (Japan)",https://ror.org/00nc50334,https://ror.org/03yskk486,Sumitomo Heavy Industries (Japan),Parent,Release
,,,Nippon Donaldson Ltd. (Japan),https://ror.org/02327ys52,https://ror.org/02p7bfx81,Donaldson (United States),Parent,Release
,,,"Nippon Peroxide Co., Ltd. (Japan)",https://ror.org/00wayve12,https://ror.org/03p9nrq57,Hodogaya Chemical (Japan),Successor,Release
,,,"Japan Vilene Company, Ltd. (Japan)",https://ror.org/01dea4x87,https://ror.org/042fpk261,Freudenberg (Germany),Parent,Release
,,,"Japan Hydrazine Co., Inc. (Japan)",https://ror.org/04y03c466,https://ror.org/00mhg9s35,Mitsubishi Gas Chemical (Japan),Parent,Release
,,,"Nippon Paint Surf Chemicals Co., Ltd. (Japan)",https://ror.org/03mhztn77,https://ror.org/01t782854,Nippon Paint (Japan),Parent,Release
,,,"Nippon Paint Co., Ltd. (Japan)",https://ror.org/037v7q628,https://ror.org/01t782854,Nippon Paint (Japan),Parent,Release
,,,Nihon Pall Ltd. (Japan),https://ror.org/02rr19w58,https://ror.org/057jpj338,Pall Corporation (United States),Parent,Release
,,,"Nippon Mektron, Ltd. (Japan)",https://ror.org/00fmfz546,https://ror.org/01cfmz593,NOK Corporation (Japan),Parent,Release
,,,"Japan U-PICA Co., Ltd. (Japan)",https://ror.org/02cabw135,https://ror.org/00mhg9s35,Mitsubishi Gas Chemical (Japan),Parent,Release
,,,"Nippon Reinz Co., Ltd. (Japan)",https://ror.org/00jpvwh57,https://ror.org/008f5wa49,Nichias (Japan),Parent,Release
,,,"Japan SEA Works Co., Ltd. (Japan)",https://ror.org/03b6adn27,https://ror.org/048gksa87,Kajima Corporation (Japan),Parent,Release
,,,"Nippon Marine Enterprises, Ltd. (Japan)",https://ror.org/03njqhb72,https://ror.org/0225qq424,Nippon Suisan Kaisha (Japan),Parent,Release
,,,"Nippon Koki Co., Ltd. (Japan)",https://ror.org/036mekp34,https://ror.org/02xnraw58,NOF Corporation (Japan),Parent,Release
,,,"Japan Industrial Testing Co., Ltd. (Japan)",https://ror.org/03c4ae256,https://ror.org/04rj78312,Sankyu Inc. (Japan),Parent,Release
,,,"Nippon Koshuha Steel Co., Ltd. (Japan)",https://ror.org/02537f324,https://ror.org/05fa63r36,Daido Steel (Japan),Parent,Release
,,,"The Nippon Synthetic Chemical Industry Co., Ltd. (Japan)",https://ror.org/032qt7q55,https://ror.org/05d8avs16,Mitsubishi Chemical (Japan),Successor,Release
,,,"Nippon Sharyo, Ltd. (Japan)",https://ror.org/01z8y4845,https://ror.org/0505he277,Central Japan Railway (Japan),Parent,Release
,,,"Nippon Shindo Co., Ltd. (Japan)",https://ror.org/05ra4wa71,https://ror.org/03dxpdb95,"CK SAN-ETSU Metals Co., Ltd. (Japan)",Parent,Release
,,,"Japan VAM & Poval Co., Ltd. (Japan)",https://ror.org/02rk1f266,https://ror.org/05tq4a167,ShinEtsu Chemical (Japan),Parent,Release
,,,"Nippon Paper Chemicals Co., Ltd. (Japan)",https://ror.org/02e158d41,https://ror.org/00yzvve44,Nippon Paper Industries (Japan),Successor,Release
,,,"Nippon Paper Sacks Co., Ltd. (Japan)",https://ror.org/04dz4gf12,https://ror.org/00yzvve44,Nippon Paper Industries (Japan),Parent,Release
,,,"Japan Oil Transportation Co., Ltd. (Japan)",https://ror.org/0199b4y15,https://ror.org/03rw2rj66,JXTG Holdings (Japan),Parent,Release
,,,"Japan DROP Forge Co., Ltd. (Japan)",https://ror.org/05k130f85,https://ror.org/05fa63r36,Daido Steel (Japan),Parent,Release
,,,"NEC Aerospace Systems, Ltd. (Japan)",https://ror.org/04sm2pv78,https://ror.org/04jndar25,NEC (Japan),Parent,Release
,,,"NEC Communication Systems, Ltd. (Japan)",https://ror.org/055rqcs67,https://ror.org/04jndar25,NEC (Japan),Parent,Release
,,,Nidec Precision Corporation (Japan),https://ror.org/03ptd8d54,https://ror.org/05xmzbk80,Nidec (Japan),Parent,Release
,,,Nidec Components Corporation (Japan),https://ror.org/01cpe1r95,https://ror.org/05xmzbk80,Nidec (Japan),Parent,Release
,,,Nidec Servo Corporation (Japan),https://ror.org/0261pk391,https://ror.org/05xmzbk80,Nidec (Japan),Parent,Release
,,,Nidec Servo Corporation (Japan),https://ror.org/0261pk391,https://ror.org/01t7bhv11,Nidec Advanced Motor Corporation (Japan),Successor,Production
,,,Nidec Powertrain Systems Corporation (Japan),https://ror.org/03hnkz710,https://ror.org/05xmzbk80,Nidec (Japan),Parent,Release
,,,"The Nippon ROAD Co., Ltd. (Japan)",https://ror.org/05wphx415,https://ror.org/039zveh30,Shimizu (Japan),Parent,Release
,,,"Nippon Nyukazai Co., Ltd. (Japan)",https://ror.org/02zrq7p70,https://ror.org/02s3d9n87,Nippon Shokubai (Japan),Parent,Release
,,,"Nihon Hiryo Co., Ltd. (Japan)",https://ror.org/04bxw8k09,https://ror.org/01skwyh03,Nissan Chemical Corporation (Japan),Parent,Release
,,,"KONICA MINOLTA NIPPON BUNKASEIKO, INC. (Japan)",https://ror.org/0003am697,https://ror.org/05dtvab05,Konica Minolta (Japan),Parent,Release
,,,"Nippon Yusoki Co., Ltd. (Japan)",https://ror.org/041vmtw10,https://ror.org/03j49hj65,"Mitsubishi Logisnext Co., Ltd. (Japan)",Successor,Production
,,,"Nippon Rensui Co., Ltd. (Japan)",https://ror.org/002n09r66,https://ror.org/05d8avs16,Mitsubishi Chemical (Japan),Parent,Release
,,,"Nippon Rensui Co., Ltd. (Japan)",https://ror.org/002n09r66,https://ror.org/004z2qf93,"Mitsubishi Chemical Aqua Solutions Co., Ltd. (Japan)",Successor,Production
,,,"Hitachi Appliances, Inc. (Japan)",https://ror.org/0525pbn44,https://ror.org/02exqgm79,Hitachi (Japan),Parent,Release
,,,Hitachi AIC Inc. (Japan),https://ror.org/02kdxnm98,https://ror.org/01vgenm18,"Showa Denko Materials Co., Ltd. (Japan)",Successor,Release
,,,"Hitachi Software Engineering Co., Ltd. (Japan)",https://ror.org/016s8e064,https://ror.org/02exqgm79,Hitachi (Japan),Parent,Release
,,,Hitachi Plasma Display Limited (Japan),https://ror.org/02j29a192,https://ror.org/02exqgm79,Hitachi (Japan),Parent,Release
,,,"Hitachi Chemical Electronics Co., Ltd. (Japan)",https://ror.org/056s74a16,https://ror.org/01vgenm18,"Showa Denko Materials Co., Ltd. (Japan)",Successor,Release
,,,Hitachi Mitsubishi Hydro Corporation (Japan),https://ror.org/00d517h25,https://ror.org/02exqgm79,Hitachi (Japan),Parent,Release
,,,"Hitachi Electronics Services Co., Ltd. (Japan)",https://ror.org/0271gsw06,https://ror.org/02exqgm79,Hitachi (Japan),Parent,Release
,,,"Hitachi Cable, Ltd. (Japan)",https://ror.org/02r38gs37,https://ror.org/02exqgm79,Hitachi (Japan),Parent,Release
,,,"Nippon Steel Welding & Engineering Co., Ltd. (Japan)",https://ror.org/00ffhhq63,https://ror.org/016vzmc05,Nippon Steel (Japan),Parent,Release
,,,"The Hakodate Dock Co., Ltd. (Japan)",https://ror.org/039197q40,https://ror.org/038r88d38,"Namura Shipbuilding Co., Ltd. (Japan)",Parent,Release
,,,"FUJI Light Metal Co., Ltd. (Japan)",https://ror.org/05sq92g95,https://ror.org/018qe7008,"Fujisash Co., Ltd. (Japan)",Parent,Release
,,,"FUJI AIR Tools Co., Ltd. (Japan)",https://ror.org/0489cmg44,https://ror.org/01dy84y11,Atlas Copco (Sweden),Parent,Release
,,,"Fujifilm Finechemicals Co., Ltd. (Japan)",https://ror.org/01kxbce98,https://ror.org/0493bmq37,Fujifilm (Japan),Parent,Release
,,,Fujifilm Wako Pure Chemical Corporation (Japan),https://ror.org/01xjb6y46,https://ror.org/0493bmq37,Fujifilm (Japan),Parent,Release
,,,"FUJI Flavor Co., Ltd. (Japan)",https://ror.org/04hqyqd62,https://ror.org/01xdq1k91,Japan Tobacco (Japan),Parent,Release
,,,"Fuji Electric Engineering & Construction Co., Ltd. (Japan)",https://ror.org/03rs50224,https://ror.org/056701b75,Fuji Electric (Japan),Parent,Release
,,,"Nitto Fuji Flour Milling Co., Ltd. (Japan)",https://ror.org/02tsxq585,https://ror.org/014m1ef46,Mitsubishi Corporation (Japan),Parent,Release
,,,FCL Components Limited (Japan),https://ror.org/04t509y37,https://ror.org/038e2g226,Fujitsu (Japan),Related,Release
,,,Fujitsu Telecom Networks Limited (Japan),https://ror.org/02eqrxn88,https://ror.org/038e2g226,Fujitsu (Japan),Parent,Release
,,,Fujitsu Frontech Limited (Japan),https://ror.org/0283n7h77,https://ror.org/038e2g226,Fujitsu (Japan),Parent,Release
,,,"FUJI Electric Advanced Technology Co., Ltd. (Japan)",https://ror.org/03dvdyv56,https://ror.org/056701b75,Fuji Electric (Japan),Successor,Release
,,,"FUJI Hensokuki Co., Ltd. (Japan)",https://ror.org/055npaa13,https://ror.org/018jng747,Tachikawa Corporation (Japan),Parent,Release
,,,"Hodogaya Construction Product Co., Ltd. (Japan)",https://ror.org/04hbrsj82,https://ror.org/03p9nrq57,Hodogaya Chemical (Japan),Parent,Release
,,,"Takara Shuzo Co., Ltd. (Japan)",https://ror.org/009xcqz70,https://ror.org/021m54z79,Takara (Japan),Parent,Release
,,,"Hokkaido Sumiden Precision Co., Ltd. (Japan)",https://ror.org/01vb8cn29,https://ror.org/05rnkb382,Sumitomo Electric Industries (Japan),Parent,Release
,,,"Hokkaido Sugar Co., Ltd. (Japan)",https://ror.org/04b0xr294,https://ror.org/00v7rqs27,Mitsui Sugar (Japan),Parent,Release
,,,"Hokuriku Denwa Kouji Co., Ltd. (Japan)",https://ror.org/027bvbn32,https://ror.org/05jh2ar45,Comsys Holdings Corp. (Japan),Parent,Release
,,,"Ajinomoto AGF, Inc. (Japan)",https://ror.org/01dmcvh49,https://ror.org/044mkdq33,Ajinomoto (Japan),Parent,Release
,,,"Okinawa Ajinomoto Co., Ltd. (Japan)",https://ror.org/03s2kcv22,https://ror.org/044mkdq33,Ajinomoto (Japan),Parent,Release
,,,"Ajinomoto Frozen Foods Co., Inc. (Japan)",https://ror.org/00kgkwd53,https://ror.org/044mkdq33,Ajinomoto (Japan),Parent,Release
,,,"Meiji Seika Kaisha, Ltd. (Japan)",https://ror.org/03t1zvg91,https://ror.org/027tjex48,Meiji (Japan),Related,Release
,,,"Meiji Seika Kaisha, Ltd. (Japan)",https://ror.org/03t1zvg91,https://ror.org/03qt4xn36,"Meiji Seika Pharma Co., Ltd. (Japan)",Successor,Production
,,,"Okinawa Meiji Milk Products Co., Ltd. (Japan)",https://ror.org/04qx72239,https://ror.org/027tjex48,Meiji (Japan),Related,Release
,,,"Nippon Steel SG Wire Co., Ltd. (Japan)",https://ror.org/03t2myy45,https://ror.org/016vzmc05,Nippon Steel (Japan),Parent,Release
