Issue # from Github,Issue URL,Issue title from Github,Name of org in Record ID,Record ID,Related ID,Name of org in Related ID,Relationship of Related ID to Record ID,Current location of Related ID
29337,https://github.com/ror-community/ror-updates/issues/29337,"Add a new organization to ROR: 
 
Aligning Research to Impact Autism",Aligning Research to Impact Autism,https://ror.org/0505h0554,https://ror.org/00rf4ez40,Coalition for Aligning Science,Related,Production
29337,https://github.com/ror-community/ror-updates/issues/29337,"Add a new organization to ROR: 
 
Aligning Research to Impact Autism",Coalition for Aligning Science,https://ror.org/00rf4ez40,https://ror.org/0505h0554,Aligning Research to Impact Autism,Related,Release
36721,https://github.com/ror-community/ror-updates/issues/36721,Add a new organization to ROR: Chandernagore College,Chandernagore College,https://ror.org/05qjwhm84,https://ror.org/05cyd8v32,University of Burdwan,Parent,Production
36721,https://github.com/ror-community/ror-updates/issues/36721,Add a new organization to ROR: Chandernagore College,University of Burdwan,https://ror.org/05cyd8v32,https://ror.org/05qjwhm84,Chandernagore College,Child,Release
36726,https://github.com/ror-community/ror-updates/issues/36726,Add a new organization to ROR: Hooghly Mohsin College,Hooghly Mohsin College,https://ror.org/01tva3e17,https://ror.org/05cyd8v32,University of Burdwan,Parent,Production
36726,https://github.com/ror-community/ror-updates/issues/36726,Add a new organization to ROR: Hooghly Mohsin College,University of Burdwan,https://ror.org/05cyd8v32,https://ror.org/01tva3e17,Hooghly Mohsin College,Child,Release
36844,https://github.com/ror-community/ror-updates/issues/36844,"Add a new organization to ROR: 
 
S. M. Institute of Technology",P.G. Centre for Management Studies,https://ror.org/05wfext57,https://ror.org/03vqjtg68,Biju Patnaik University of Technology,Related,Production
36844,https://github.com/ror-community/ror-updates/issues/36844,"Add a new organization to ROR: 
 
S. M. Institute of Technology",Biju Patnaik University of Technology,https://ror.org/03vqjtg68,https://ror.org/05wfext57,P.G. Centre for Management Studies,Related,Release
36867,https://github.com/ror-community/ror-updates/issues/36867,Add a new organization to ROR: Haldia Government College,Haldia Government College,https://ror.org/04cbdqy73,https://ror.org/027jsza11,Vidyasagar University,Related,Production
36867,https://github.com/ror-community/ror-updates/issues/36867,Add a new organization to ROR: Haldia Government College,Vidyasagar University,https://ror.org/027jsza11,https://ror.org/04cbdqy73,Haldia Government College,Related,Release
36868,https://github.com/ror-community/ror-updates/issues/36868,Add a new organization to ROR: Kendrapara Autonomous College,Kendrapara Autonomous College,https://ror.org/052qzww39,https://ror.org/0034eez47,Utkal University,Related,Production
36868,https://github.com/ror-community/ror-updates/issues/36868,Add a new organization to ROR: Kendrapara Autonomous College,Utkal University,https://ror.org/0034eez47,https://ror.org/052qzww39,Kendrapara Autonomous College,Related,Release
36869,https://github.com/ror-community/ror-updates/issues/36869,Add a new organization to ROR: Behala College,Behala College,https://ror.org/05ej44s32,https://ror.org/01e7v7w47,University of Calcutta,Related,Production
36869,https://github.com/ror-community/ror-updates/issues/36869,Add a new organization to ROR: Behala College,University of Calcutta,https://ror.org/01e7v7w47,https://ror.org/05ej44s32,Behala College,Related,Release
36870,https://github.com/ror-community/ror-updates/issues/36870,Add a new organization to ROR: Vidyasagar Metropolitan College,Vidyasagar Metropolitan College,https://ror.org/02757x507,https://ror.org/01e7v7w47,University of Calcutta,Related,Production
36870,https://github.com/ror-community/ror-updates/issues/36870,Add a new organization to ROR: Vidyasagar Metropolitan College,University of Calcutta,https://ror.org/01e7v7w47,https://ror.org/02757x507,Vidyasagar Metropolitan College,Related,Release
36871,https://github.com/ror-community/ror-updates/issues/36871,Add a new organization to ROR: Gurudas College,Gurudas College,https://ror.org/05sm94759,https://ror.org/01e7v7w47,University of Calcutta,Related,Production
36871,https://github.com/ror-community/ror-updates/issues/36871,Add a new organization to ROR: Gurudas College,University of Calcutta,https://ror.org/01e7v7w47,https://ror.org/05sm94759,Gurudas College,Related,Release
36873,https://github.com/ror-community/ror-updates/issues/36873,Add a new organization to ROR: D.A.V. College,D.A.V. College Chandigarh,https://ror.org/04q9dp438,https://ror.org/04p2sbk06,Panjab University,Related,Production
36873,https://github.com/ror-community/ror-updates/issues/36873,Add a new organization to ROR: D.A.V. College,Panjab University,https://ror.org/04p2sbk06,https://ror.org/04q9dp438,D.A.V. College Chandigarh,Related,Release
36874,https://github.com/ror-community/ror-updates/issues/36874,Add a new organization to ROR: Scottish Church College,Scottish Church College,https://ror.org/047x62g59,https://ror.org/01e7v7w47,University of Calcutta,Related,Production
36874,https://github.com/ror-community/ror-updates/issues/36874,Add a new organization to ROR: Scottish Church College,University of Calcutta,https://ror.org/01e7v7w47,https://ror.org/047x62g59,Scottish Church College,Related,Release
36875,https://github.com/ror-community/ror-updates/issues/36875,Add a new organization to ROR: Kanchrapara College,Kanchrapara College,https://ror.org/039q2s606,https://ror.org/03v783k16,University of Kalyani,Related,Production
36875,https://github.com/ror-community/ror-updates/issues/36875,Add a new organization to ROR: Kanchrapara College,University of Kalyani,https://ror.org/03v783k16,https://ror.org/039q2s606,Kanchrapara College,Related,Release
36876,https://github.com/ror-community/ror-updates/issues/36876,Add a new organization to ROR: Centre For Research & Education in Science & Technology,Centre For Research & Education in Science & Technology,https://ror.org/04vcwfx41,https://ror.org/01msc1703,Indian Institute of Astrophysics,Parent,Production
36876,https://github.com/ror-community/ror-updates/issues/36876,Add a new organization to ROR: Centre For Research & Education in Science & Technology,Indian Institute of Astrophysics,https://ror.org/01msc1703,https://ror.org/04vcwfx41,Centre For Research & Education in Science & Technology,Child,Release
36877,https://github.com/ror-community/ror-updates/issues/36877,Add a new organization to ROR: Aska Science College,Aska Science College,https://ror.org/04cmbc962,https://ror.org/03m3xkg41,Berhampur University,Related,Production
36877,https://github.com/ror-community/ror-updates/issues/36877,Add a new organization to ROR: Aska Science College,Berhampur University,https://ror.org/03m3xkg41,https://ror.org/04cmbc962,Aska Science College,Related,Release
36879,https://github.com/ror-community/ror-updates/issues/36879,Add a new organization to ROR: Loyola College,Loyola College,https://ror.org/01ypxeq73,https://ror.org/04jmt9361,University of Madras,Related,Production
36879,https://github.com/ror-community/ror-updates/issues/36879,Add a new organization to ROR: Loyola College,University of Madras,https://ror.org/04jmt9361,https://ror.org/01ypxeq73,Loyola College,Related,Release
36880,https://github.com/ror-community/ror-updates/issues/36880,Add a new organization to ROR: Deen Dayal Upadhyaya College,Deen Dayal Upadhyaya College,https://ror.org/059t7v166,https://ror.org/04gzb2213,University of Delhi,Parent,Production
36880,https://github.com/ror-community/ror-updates/issues/36880,Add a new organization to ROR: Deen Dayal Upadhyaya College,University of Delhi,https://ror.org/04gzb2213,https://ror.org/059t7v166,Deen Dayal Upadhyaya College,Child,Release
36881,https://github.com/ror-community/ror-updates/issues/36881,Add a new organization to ROR: Gokhale Memorial Girls' College,Gokhale Memorial Girls' College,https://ror.org/0158exs72,https://ror.org/01e7v7w47,University of Calcutta,Related,Production
36881,https://github.com/ror-community/ror-updates/issues/36881,Add a new organization to ROR: Gokhale Memorial Girls' College,University of Calcutta,https://ror.org/01e7v7w47,https://ror.org/0158exs72,Gokhale Memorial Girls' College,Related,Release
36882,https://github.com/ror-community/ror-updates/issues/36882,Add a new organization to ROR: Gobardanga Hindu College,Gobardanga Hindu College,https://ror.org/03bqs6m63,https://ror.org/04qs5en05,West Bengal State University,Related,Production
36882,https://github.com/ror-community/ror-updates/issues/36882,Add a new organization to ROR: Gobardanga Hindu College,West Bengal State University,https://ror.org/04qs5en05,https://ror.org/03bqs6m63,Gobardanga Hindu College,Related,Release
36883,https://github.com/ror-community/ror-updates/issues/36883,Add a new organization to ROR: Dinabandhu Andrews College,Dinabandhu Andrews College,https://ror.org/00n1p2a62,https://ror.org/01e7v7w47,University of Calcutta,Related,Production
36883,https://github.com/ror-community/ror-updates/issues/36883,Add a new organization to ROR: Dinabandhu Andrews College,University of Calcutta,https://ror.org/01e7v7w47,https://ror.org/00n1p2a62,Dinabandhu Andrews College,Related,Release
36884,https://github.com/ror-community/ror-updates/issues/36884,Add a new organization to ROR: Meghnad Saha Institute of Technology,Meghnad Saha Institute of Technology,https://ror.org/0054s5w72,https://ror.org/030tcae29,"Maulana Abul Kalam Azad University of Technology, West Bengal",Related,Production
36884,https://github.com/ror-community/ror-updates/issues/36884,Add a new organization to ROR: Meghnad Saha Institute of Technology,"Maulana Abul Kalam Azad University of Technology, West Bengal",https://ror.org/030tcae29,https://ror.org/0054s5w72,Meghnad Saha Institute of Technology,Related,Release
36887,https://github.com/ror-community/ror-updates/issues/36887,Add a new organization to ROR: Raiganj Surendranath Mahavidyalaya,Raiganj Surendranath Mahavidyalaya,https://ror.org/04b5vbw15,https://ror.org/00pyh2y32,University of Gour Banga,Related,Production
36887,https://github.com/ror-community/ror-updates/issues/36887,Add a new organization to ROR: Raiganj Surendranath Mahavidyalaya,University of Gour Banga,https://ror.org/00pyh2y32,https://ror.org/04b5vbw15,Raiganj Surendranath Mahavidyalaya,Related,Release
36886,https://github.com/ror-community/ror-updates/issues/36886,Add a new organization to ROR: Hiralal Mazumdar Memorial College for Women,Hiralal Mazumdar Memorial College for Women,https://ror.org/04v0etk53,https://ror.org/04qs5en05,West Bengal State University,Related,Production
36886,https://github.com/ror-community/ror-updates/issues/36886,Add a new organization to ROR: Hiralal Mazumdar Memorial College for Women,West Bengal State University,https://ror.org/04qs5en05,https://ror.org/04v0etk53,Hiralal Mazumdar Memorial College for Women,Related,Release
36885,https://github.com/ror-community/ror-updates/issues/36885,Add a new organization to ROR: St. Stephen's College,St. Stephen's College,https://ror.org/02hvd9c02,https://ror.org/04gzb2213,University of Delhi,Parent,Production
36885,https://github.com/ror-community/ror-updates/issues/36885,Add a new organization to ROR: St. Stephen's College,University of Delhi,https://ror.org/04gzb2213,https://ror.org/02hvd9c02,St. Stephen's College,Child,Release
36889,https://github.com/ror-community/ror-updates/issues/36889,Add a new organization to ROR: Sri Pratap College,Sri Pratap College,https://ror.org/02erfe678,https://ror.org/0127tex41,Cluster University Srinagar,Related,Production
36889,https://github.com/ror-community/ror-updates/issues/36889,Add a new organization to ROR: Sri Pratap College,Cluster University Srinagar,https://ror.org/0127tex41,https://ror.org/02erfe678,Sri Pratap College,Related,Release
36891,https://github.com/ror-community/ror-updates/issues/36891,Add a new organization to ROR: St. Vincent Pallotti College of Engineering & Technology,St. Vincent Pallotti College of Engineering & Technology,https://ror.org/036f7ht11,https://ror.org/04esgv207,Rashtrasant Tukadoji Maharaj Nagpur University,Related,Production
36891,https://github.com/ror-community/ror-updates/issues/36891,Add a new organization to ROR: St. Vincent Pallotti College of Engineering & Technology,Rashtrasant Tukadoji Maharaj Nagpur University,https://ror.org/04esgv207,https://ror.org/036f7ht11,St. Vincent Pallotti College of Engineering & Technology,Related,Release
36890,https://github.com/ror-community/ror-updates/issues/36890,Add a new organization to ROR: Prananath College (Autonomous),Prananath College (Autonomous),https://ror.org/02g84gq38,https://ror.org/0034eez47,Utkal University,Related,Production
36890,https://github.com/ror-community/ror-updates/issues/36890,Add a new organization to ROR: Prananath College (Autonomous),Utkal University,https://ror.org/0034eez47,https://ror.org/02g84gq38,Prananath College (Autonomous),Related,Release
36892,https://github.com/ror-community/ror-updates/issues/36892,Add a new organization to ROR: Acharya Prafulla Chandra Roy Government College,Acharya Prafulla Chandra Roy Government College,https://ror.org/00146e793,https://ror.org/039w8qr24,North Bengal University,Related,Production
36892,https://github.com/ror-community/ror-updates/issues/36892,Add a new organization to ROR: Acharya Prafulla Chandra Roy Government College,North Bengal University,https://ror.org/039w8qr24,https://ror.org/00146e793,Acharya Prafulla Chandra Roy Government College,Related,Release
36894,https://github.com/ror-community/ror-updates/issues/36894,Add a new organization to ROR: Basanti Devi College,Basanti Devi College,https://ror.org/02qnvws95,https://ror.org/01e7v7w47,University of Calcutta,Related,Production
36894,https://github.com/ror-community/ror-updates/issues/36894,Add a new organization to ROR: Basanti Devi College,University of Calcutta,https://ror.org/01e7v7w47,https://ror.org/02qnvws95,Basanti Devi College,Related,Release
36895,https://github.com/ror-community/ror-updates/issues/36895,Add a new organization to ROR: Vidyasagar College,Vidyasagar College,https://ror.org/031v99010,https://ror.org/01e7v7w47,University of Calcutta,Related,Production
36895,https://github.com/ror-community/ror-updates/issues/36895,Add a new organization to ROR: Vidyasagar College,University of Calcutta,https://ror.org/01e7v7w47,https://ror.org/031v99010,Vidyasagar College,Related,Release
36896,https://github.com/ror-community/ror-updates/issues/36896,Add a new organization to ROR: Calcutta Institute of Technology,Calcutta Institute of Technology,https://ror.org/02vtkc969,https://ror.org/030tcae29,"Maulana Abul Kalam Azad University of Technology, West Bengal",Related,Production
36896,https://github.com/ror-community/ror-updates/issues/36896,Add a new organization to ROR: Calcutta Institute of Technology,"Maulana Abul Kalam Azad University of Technology, West Bengal",https://ror.org/030tcae29,https://ror.org/02vtkc969,Calcutta Institute of Technology,Related,Release
36897,https://github.com/ror-community/ror-updates/issues/36897,Add a new organization to ROR: Midnapore College,Midnapore College,https://ror.org/01jmtsv84,https://ror.org/027jsza11,Vidyasagar University,Related,Production
36897,https://github.com/ror-community/ror-updates/issues/36897,Add a new organization to ROR: Midnapore College,Vidyasagar University,https://ror.org/027jsza11,https://ror.org/01jmtsv84,Midnapore College,Related,Release
37012,https://github.com/ror-community/ror-updates/issues/37012,Add a new organization to ROR: Fakir Chand College,Fakir Chand College,https://ror.org/05j2hps15,https://ror.org/01e7v7w47,University of Calcutta,Related,Production
37012,https://github.com/ror-community/ror-updates/issues/37012,Add a new organization to ROR: Fakir Chand College,University of Calcutta,https://ror.org/01e7v7w47,https://ror.org/05j2hps15,Fakir Chand College,Related,Release
37131,https://github.com/ror-community/ror-updates/issues/37131,Add a new organization to ROR: Dynamique et durabilité des écosystèmes : de la source à l'océan (DECOD),Dynamique et durabilité des écosystèmes : de la source à l'océan,https://ror.org/05dgcx977,https://ror.org/044jxhp58,Ifremer,Parent,Production
37131,https://github.com/ror-community/ror-updates/issues/37131,Add a new organization to ROR: Dynamique et durabilité des écosystèmes : de la source à l'océan (DECOD),Ifremer,https://ror.org/044jxhp58,https://ror.org/05dgcx977,Dynamique et durabilité des écosystèmes : de la source à l'océan,Child,Release
37131,https://github.com/ror-community/ror-updates/issues/37131,Add a new organization to ROR: Dynamique et durabilité des écosystèmes : de la source à l'océan (DECOD),Dynamique et durabilité des écosystèmes : de la source à l'océan,https://ror.org/05dgcx977,https://ror.org/003vg9w96,"Institut National de Recherche pour l'Agriculture, l'Alimentation et l'Environnement",Parent,Production
37131,https://github.com/ror-community/ror-updates/issues/37131,Add a new organization to ROR: Dynamique et durabilité des écosystèmes : de la source à l'océan (DECOD),"Institut National de Recherche pour l'Agriculture, l'Alimentation et l'Environnement",https://ror.org/003vg9w96,https://ror.org/05dgcx977,Dynamique et durabilité des écosystèmes : de la source à l'océan,Child,Release
37131,https://github.com/ror-community/ror-updates/issues/37131,Add a new organization to ROR: Dynamique et durabilité des écosystèmes : de la source à l'océan (DECOD),Dynamique et durabilité des écosystèmes : de la source à l'océan,https://ror.org/05dgcx977,https://ror.org/01dkyve95,L'Institut Agro,Parent,Production
37131,https://github.com/ror-community/ror-updates/issues/37131,Add a new organization to ROR: Dynamique et durabilité des écosystèmes : de la source à l'océan (DECOD),L'Institut Agro,https://ror.org/01dkyve95,https://ror.org/05dgcx977,Dynamique et durabilité des écosystèmes : de la source à l'océan,Child,Release
37131,https://github.com/ror-community/ror-updates/issues/37131,Add a new organization to ROR: Dynamique et durabilité des écosystèmes : de la source à l'océan (DECOD),Dynamique et durabilité des écosystèmes : de la source à l'océan,https://ror.org/05dgcx977,https://ror.org/05mtjss49,Ecology and Ecosystem Health,Predecessor,Production
37131,https://github.com/ror-community/ror-updates/issues/37131,Add a new organization to ROR: Dynamique et durabilité des écosystèmes : de la source à l'océan (DECOD),Ecology and Ecosystem Health,https://ror.org/05mtjss49,https://ror.org/05dgcx977,Dynamique et durabilité des écosystèmes : de la source à l'océan,Successor,Release
37013,https://github.com/ror-community/ror-updates/issues/37013,Add a new organization to ROR: Pragjyotish College,Pragjyotish College,https://ror.org/00xs0en04,https://ror.org/01ppj9r51,Gauhati University,Related,Production
37013,https://github.com/ror-community/ror-updates/issues/37013,Add a new organization to ROR: Pragjyotish College,Gauhati University,https://ror.org/01ppj9r51,https://ror.org/00xs0en04,Pragjyotish College,Related,Release
37075,https://github.com/ror-community/ror-updates/issues/37075,"Add a new organization to ROR: 
 
Geological Survey of South Australia",Geological Survey of South Australia,https://ror.org/0121cjp70,https://ror.org/04g3scy39,Government of South Australia,Related,Production
37075,https://github.com/ror-community/ror-updates/issues/37075,"Add a new organization to ROR: 
 
Geological Survey of South Australia",Government of South Australia,https://ror.org/04g3scy39,https://ror.org/0121cjp70,Geological Survey of South Australia,Related,Release
37019,https://github.com/ror-community/ror-updates/issues/37019,Add a new organization to ROR: Salbari College,Salbari College,https://ror.org/04084g116,https://ror.org/05bb03e97,Bodoland University,Related,Production
37019,https://github.com/ror-community/ror-updates/issues/37019,Add a new organization to ROR: Salbari College,Bodoland University,https://ror.org/05bb03e97,https://ror.org/04084g116,Salbari College,Related,Release
37018,https://github.com/ror-community/ror-updates/issues/37018,Add a new organization to ROR: Gandhi Institute for Technological Advancement,Gandhi Institute for Technological Advancement,https://ror.org/01fxvee05,https://ror.org/03vqjtg68,Biju Patnaik University of Technology,Related,Production
37018,https://github.com/ror-community/ror-updates/issues/37018,Add a new organization to ROR: Gandhi Institute for Technological Advancement,Biju Patnaik University of Technology,https://ror.org/03vqjtg68,https://ror.org/01fxvee05,Gandhi Institute for Technological Advancement,Related,Release
37017,https://github.com/ror-community/ror-updates/issues/37017,Add a new organization to ROR: K. S. Institute of Technology,Kammavari Sangham Institute of Technology,https://ror.org/02bktye12,https://ror.org/00ha14p11,Visvesvaraya Technological University,Related,Production
37017,https://github.com/ror-community/ror-updates/issues/37017,Add a new organization to ROR: K. S. Institute of Technology,Visvesvaraya Technological University,https://ror.org/00ha14p11,https://ror.org/02bktye12,Kammavari Sangham Institute of Technology,Related,Release
37016,https://github.com/ror-community/ror-updates/issues/37016,Add a new organization to ROR: Urumu Dhanalakshmi College,Urumu Dhanalakshmi College,https://ror.org/01pg43d82,https://ror.org/02w7vnb60,Bharathidasan University,Related,Production
37016,https://github.com/ror-community/ror-updates/issues/37016,Add a new organization to ROR: Urumu Dhanalakshmi College,Bharathidasan University,https://ror.org/02w7vnb60,https://ror.org/01pg43d82,Urumu Dhanalakshmi College,Related,Release
37015,https://github.com/ror-community/ror-updates/issues/37015,Add a new organization to ROR: Charuchandra College,Charuchandra College,https://ror.org/018h4qk02,https://ror.org/01e7v7w47,University of Calcutta,Related,Production
37015,https://github.com/ror-community/ror-updates/issues/37015,Add a new organization to ROR: Charuchandra College,University of Calcutta,https://ror.org/01e7v7w47,https://ror.org/018h4qk02,Charuchandra College,Related,Release
36985,https://github.com/ror-community/ror-updates/issues/36985,"Add a new organization to ROR: 
 
Shree Dhanvantary Pharmacy College Kim Surat India ",Shree Dhanvantary Pharmacy College,https://ror.org/02dq4zv32,https://ror.org/059x8vm09,Gujarat Technological University,Related,Production
36985,https://github.com/ror-community/ror-updates/issues/36985,"Add a new organization to ROR: 
 
Shree Dhanvantary Pharmacy College Kim Surat India ",Gujarat Technological University,https://ror.org/059x8vm09,https://ror.org/02dq4zv32,Shree Dhanvantary Pharmacy College,Related,Release
36878,https://github.com/ror-community/ror-updates/issues/36878,Add a new organization to ROR: Debraj Roy College,Debraj Roy College,https://ror.org/05ha1jq52,https://ror.org/045kfbt16,Dibrugarh University,Related,Production
36878,https://github.com/ror-community/ror-updates/issues/36878,Add a new organization to ROR: Debraj Roy College,Dibrugarh University,https://ror.org/045kfbt16,https://ror.org/05ha1jq52,Debraj Roy College,Related,Release
37011,https://github.com/ror-community/ror-updates/issues/37011,Add a new organization to ROR: Christ Church College,"Christ Church College, Kanpur",https://ror.org/021s2jt88,https://ror.org/040qxz868,Chhatrapati Shahu Ji Maharaj University,Related,Production
37011,https://github.com/ror-community/ror-updates/issues/37011,Add a new organization to ROR: Christ Church College,Chhatrapati Shahu Ji Maharaj University,https://ror.org/040qxz868,https://ror.org/021s2jt88,"Christ Church College, Kanpur",Related,Release
36989,https://github.com/ror-community/ror-updates/issues/36989,"Add a new organization to ROR: 
 
Center for Pharmaceutical Products Safety, Ministry of Health of the Republic of Uzbekistan","State Institution ""Center for Pharmaceutical Products Safety"" under the Ministry of Health of the Republic of Uzbekistan",https://ror.org/02yzwd504,https://ror.org/00qcztw05,Ministry of Health of the Republic of Uzbekistan,Parent,Production
36989,https://github.com/ror-community/ror-updates/issues/36989,"Add a new organization to ROR: 
 
Center for Pharmaceutical Products Safety, Ministry of Health of the Republic of Uzbekistan",Ministry of Health of the Republic of Uzbekistan,https://ror.org/00qcztw05,https://ror.org/02yzwd504,"State Institution ""Center for Pharmaceutical Products Safety"" under the Ministry of Health of the Republic of Uzbekistan",Child,Release
35813,https://github.com/ror-community/ror-updates/issues/35813,"Add a new organization to ROR: 
 
UBC Centre for Health Services and Policy Research",UBC Centre for Health Services and Policy Research,https://ror.org/01wm7qh03,https://ror.org/03rmrcq20,University of British Columbia,Parent,Production
35813,https://github.com/ror-community/ror-updates/issues/35813,"Add a new organization to ROR: 
 
UBC Centre for Health Services and Policy Research",University of British Columbia,https://ror.org/03rmrcq20,https://ror.org/01wm7qh03,UBC Centre for Health Services and Policy Research,Child,Release
36430,https://github.com/ror-community/ror-updates/issues/36430,"Add a new organization to ROR: 
 
Wikimedia Aotearoa New Zealand",Wikimedia Aotearoa New Zealand,https://ror.org/01t6rqt91,https://ror.org/032q98j12,Wikimedia Foundation,Parent,Production
36430,https://github.com/ror-community/ror-updates/issues/36430,"Add a new organization to ROR: 
 
Wikimedia Aotearoa New Zealand",Wikimedia Foundation,https://ror.org/032q98j12,https://ror.org/01t6rqt91,Wikimedia Aotearoa New Zealand,Child,Release
37183,https://github.com/ror-community/ror-updates/issues/37183,Add a new organization to ROR: Midnapore City College,Midnapore City College,https://ror.org/04ygxe030,https://ror.org/027jsza11,Vidyasagar University,Related,Production
37183,https://github.com/ror-community/ror-updates/issues/37183,Add a new organization to ROR: Midnapore City College,Vidyasagar University,https://ror.org/027jsza11,https://ror.org/04ygxe030,Midnapore City College,Related,Release
36912,https://github.com/ror-community/ror-updates/issues/36912,"Add a new organization to ROR: 
 
Bristol NHS Foundation Trust",Bristol NHS Foundation Trust,https://ror.org/054vvq170,https://ror.org/03jzzxg14,University Hospitals Bristol and Weston NHS Foundation Trust,Predecessor,Production
36912,https://github.com/ror-community/ror-updates/issues/36912,"Add a new organization to ROR: 
 
Bristol NHS Foundation Trust",University Hospitals Bristol and Weston NHS Foundation Trust,https://ror.org/03jzzxg14,https://ror.org/054vvq170,Bristol NHS Foundation Trust,Successor,Release
36912,https://github.com/ror-community/ror-updates/issues/36912,"Add a new organization to ROR: 
 
Bristol NHS Foundation Trust",Bristol NHS Foundation Trust,https://ror.org/054vvq170,https://ror.org/036x6gt55,North Bristol NHS Trust,Predecessor,Production
36912,https://github.com/ror-community/ror-updates/issues/36912,"Add a new organization to ROR: 
 
Bristol NHS Foundation Trust",North Bristol NHS Trust,https://ror.org/036x6gt55,https://ror.org/054vvq170,Bristol NHS Foundation Trust,Successor,Release
36912,https://github.com/ror-community/ror-updates/issues/36912,"Add a new organization to ROR: 
 
Bristol NHS Foundation Trust",Bristol NHS Foundation Trust,https://ror.org/054vvq170,https://ror.org/04ny9jk61,Clevedon Hospital,Child,Production
36912,https://github.com/ror-community/ror-updates/issues/36912,"Add a new organization to ROR: 
 
Bristol NHS Foundation Trust",Clevedon Hospital,https://ror.org/04ny9jk61,https://ror.org/054vvq170,Bristol NHS Foundation Trust,Parent,Release
36912,https://github.com/ror-community/ror-updates/issues/36912,"Add a new organization to ROR: 
 
Bristol NHS Foundation Trust",Bristol NHS Foundation Trust,https://ror.org/054vvq170,https://ror.org/04e0p7290,Cossham Hospital,Child,Production
36912,https://github.com/ror-community/ror-updates/issues/36912,"Add a new organization to ROR: 
 
Bristol NHS Foundation Trust",Cossham Hospital,https://ror.org/04e0p7290,https://ror.org/054vvq170,Bristol NHS Foundation Trust,Parent,Release
36912,https://github.com/ror-community/ror-updates/issues/36912,"Add a new organization to ROR: 
 
Bristol NHS Foundation Trust",Bristol NHS Foundation Trust,https://ror.org/054vvq170,https://ror.org/03z8x2j90,Frenchay Hospital,Child,Production
36912,https://github.com/ror-community/ror-updates/issues/36912,"Add a new organization to ROR: 
 
Bristol NHS Foundation Trust",Frenchay Hospital,https://ror.org/03z8x2j90,https://ror.org/054vvq170,Bristol NHS Foundation Trust,Parent,Release
36912,https://github.com/ror-community/ror-updates/issues/36912,"Add a new organization to ROR: 
 
Bristol NHS Foundation Trust",Bristol NHS Foundation Trust,https://ror.org/054vvq170,https://ror.org/05d576879,Southmead Hospital,Child,Production
36912,https://github.com/ror-community/ror-updates/issues/36912,"Add a new organization to ROR: 
 
Bristol NHS Foundation Trust",Southmead Hospital,https://ror.org/05d576879,https://ror.org/054vvq170,Bristol NHS Foundation Trust,Parent,Release
36912,https://github.com/ror-community/ror-updates/issues/36912,"Add a new organization to ROR: 
 
Bristol NHS Foundation Trust",Bristol NHS Foundation Trust,https://ror.org/054vvq170,https://ror.org/03mc19e15,Weston General Hospital,Child,Production
36912,https://github.com/ror-community/ror-updates/issues/36912,"Add a new organization to ROR: 
 
Bristol NHS Foundation Trust",Weston General Hospital,https://ror.org/03mc19e15,https://ror.org/054vvq170,Bristol NHS Foundation Trust,Parent,Release
36912,https://github.com/ror-community/ror-updates/issues/36912,"Add a new organization to ROR: 
 
Bristol NHS Foundation Trust",Bristol NHS Foundation Trust,https://ror.org/054vvq170,https://ror.org/031p4kj21,Bristol Royal Infirmary,Child,Production
36912,https://github.com/ror-community/ror-updates/issues/36912,"Add a new organization to ROR: 
 
Bristol NHS Foundation Trust",Bristol Royal Infirmary,https://ror.org/031p4kj21,https://ror.org/054vvq170,Bristol NHS Foundation Trust,Parent,Release
36912,https://github.com/ror-community/ror-updates/issues/36912,"Add a new organization to ROR: 
 
Bristol NHS Foundation Trust",Bristol NHS Foundation Trust,https://ror.org/054vvq170,https://ror.org/01qgecw57,Bristol Royal Hospital for Children,Child,Production
36912,https://github.com/ror-community/ror-updates/issues/36912,"Add a new organization to ROR: 
 
Bristol NHS Foundation Trust",Bristol Royal Hospital for Children,https://ror.org/01qgecw57,https://ror.org/054vvq170,Bristol NHS Foundation Trust,Parent,Release
36912,https://github.com/ror-community/ror-updates/issues/36912,"Add a new organization to ROR: 
 
Bristol NHS Foundation Trust",Bristol NHS Foundation Trust,https://ror.org/054vvq170,https://ror.org/027a33v57,University Of Bristol Dental Hospital,Child,Production
36912,https://github.com/ror-community/ror-updates/issues/36912,"Add a new organization to ROR: 
 
Bristol NHS Foundation Trust",University Of Bristol Dental Hospital,https://ror.org/027a33v57,https://ror.org/054vvq170,Bristol NHS Foundation Trust,Parent,Release
36912,https://github.com/ror-community/ror-updates/issues/36912,"Add a new organization to ROR: 
 
Bristol NHS Foundation Trust",Bristol NHS Foundation Trust,https://ror.org/054vvq170,https://ror.org/01w151e64,Bristol Eye Hospital,Child,Production
36912,https://github.com/ror-community/ror-updates/issues/36912,"Add a new organization to ROR: 
 
Bristol NHS Foundation Trust",Bristol Eye Hospital,https://ror.org/01w151e64,https://ror.org/054vvq170,Bristol NHS Foundation Trust,Parent,Release
36912,https://github.com/ror-community/ror-updates/issues/36912,"Add a new organization to ROR: 
 
Bristol NHS Foundation Trust",Bristol NHS Foundation Trust,https://ror.org/054vvq170,https://ror.org/00pa9y269,South Bristol Community Hospital,Child,Production
36912,https://github.com/ror-community/ror-updates/issues/36912,"Add a new organization to ROR: 
 
Bristol NHS Foundation Trust",South Bristol Community Hospital,https://ror.org/00pa9y269,https://ror.org/054vvq170,Bristol NHS Foundation Trust,Parent,Release
36912,https://github.com/ror-community/ror-updates/issues/36912,"Add a new organization to ROR: 
 
Bristol NHS Foundation Trust",Bristol NHS Foundation Trust,https://ror.org/054vvq170,https://ror.org/02hqqna27,St Michael's Hospital,Child,Production
36912,https://github.com/ror-community/ror-updates/issues/36912,"Add a new organization to ROR: 
 
Bristol NHS Foundation Trust",St Michael's Hospital,https://ror.org/02hqqna27,https://ror.org/054vvq170,Bristol NHS Foundation Trust,Parent,Release
37170,https://github.com/ror-community/ror-updates/issues/37170,"Add a new organization to ROR: 
 
Government Siddha Medical College & Hospital, Palayamkottai, Tirunelveli",Government Siddha Medical College & Hospital Palayamkottai,https://ror.org/00vk7pp42,https://ror.org/00b3mhg89,Tamil Nadu Dr. M.G.R. Medical University,Related,Production
37170,https://github.com/ror-community/ror-updates/issues/37170,"Add a new organization to ROR: 
 
Government Siddha Medical College & Hospital, Palayamkottai, Tirunelveli",Tamil Nadu Dr. M.G.R. Medical University,https://ror.org/00b3mhg89,https://ror.org/00vk7pp42,Government Siddha Medical College & Hospital Palayamkottai,Related,Release
36929,https://github.com/ror-community/ror-updates/issues/36929,"Add a new organization to ROR: 
 
NOAA Meteorological Development Laboratory",NOAA Meteorological Development Laboratory,https://ror.org/008h9x122,https://ror.org/01pbt4y78,NOAA Office of Modeling and Development,Parent,Production
36929,https://github.com/ror-community/ror-updates/issues/36929,"Add a new organization to ROR: 
 
NOAA Meteorological Development Laboratory",NOAA Office of Modeling and Development,https://ror.org/01pbt4y78,https://ror.org/008h9x122,NOAA Meteorological Development Laboratory,Child,Release
36929,https://github.com/ror-community/ror-updates/issues/36929,"Add a new organization to ROR: 
 
NOAA Meteorological Development Laboratory",NOAA Meteorological Development Laboratory,https://ror.org/008h9x122,https://ror.org/02kgve346,NOAA Oceanic and Atmospheric Research,Related,Production
36929,https://github.com/ror-community/ror-updates/issues/36929,"Add a new organization to ROR: 
 
NOAA Meteorological Development Laboratory",NOAA Oceanic and Atmospheric Research,https://ror.org/02kgve346,https://ror.org/008h9x122,NOAA Meteorological Development Laboratory,Related,Release
36929,https://github.com/ror-community/ror-updates/issues/36929,"Add a new organization to ROR: 
 
NOAA Meteorological Development Laboratory",NOAA Meteorological Development Laboratory,https://ror.org/008h9x122,https://ror.org/01q70bz83,NOAA Weather Program Office,Related,Production
36929,https://github.com/ror-community/ror-updates/issues/36929,"Add a new organization to ROR: 
 
NOAA Meteorological Development Laboratory",NOAA Weather Program Office,https://ror.org/01q70bz83,https://ror.org/008h9x122,NOAA Meteorological Development Laboratory,Related,Release
36929,https://github.com/ror-community/ror-updates/issues/36929,"Add a new organization to ROR: 
 
NOAA Meteorological Development Laboratory",NOAA Meteorological Development Laboratory,https://ror.org/008h9x122,https://ror.org/00ndyev54,NOAA National Centers for Environmental Prediction,Related,Production
36929,https://github.com/ror-community/ror-updates/issues/36929,"Add a new organization to ROR: 
 
NOAA Meteorological Development Laboratory",NOAA National Centers for Environmental Prediction,https://ror.org/00ndyev54,https://ror.org/008h9x122,NOAA Meteorological Development Laboratory,Related,Release
36931,https://github.com/ror-community/ror-updates/issues/36931,"Add a new organization to ROR: 
 
Techniques Development Laboratory",Techniques Development Laboratory,https://ror.org/049atrb62,https://ror.org/008h9x122,NOAA Meteorological Development Laboratory,Successor,Release
36931,https://github.com/ror-community/ror-updates/issues/36931,"Add a new organization to ROR: 
 
Techniques Development Laboratory",NOAA Meteorological Development Laboratory,https://ror.org/008h9x122,https://ror.org/049atrb62,Techniques Development Laboratory,Predecessor,Release
36930,https://github.com/ror-community/ror-updates/issues/36930,"Add a new organization to ROR: 
 
United States Weather Bureau",United States Weather Bureau,https://ror.org/022sn4g15,https://ror.org/00tgqzw13,NOAA National Weather Service,Successor,Production
36930,https://github.com/ror-community/ror-updates/issues/36930,"Add a new organization to ROR: 
 
United States Weather Bureau",NOAA National Weather Service,https://ror.org/00tgqzw13,https://ror.org/022sn4g15,United States Weather Bureau,Predecessor,Release
37153,https://github.com/ror-community/ror-updates/issues/37153,Add a new organization to ROR: Nilgiri College of Arts and Science,Nilgiri College of Arts and Science,https://ror.org/0033ta369,https://ror.org/04fht8c22,Bharathiar University,Related,Production
37153,https://github.com/ror-community/ror-updates/issues/37153,Add a new organization to ROR: Nilgiri College of Arts and Science,Bharathiar University,https://ror.org/04fht8c22,https://ror.org/0033ta369,Nilgiri College of Arts and Science,Related,Release
36163,https://github.com/ror-community/ror-updates/issues/36163,"Add a new organization to ROR: 
 
Colegio de Farmacéuticos de la provincia de Buenos Aires ",Colegio de Farmacéuticos de la Provincia de Buenos Aires,https://ror.org/01pv6r024,https://ror.org/01tjs6929,Universidad Nacional de La Plata,Related,Production
36163,https://github.com/ror-community/ror-updates/issues/36163,"Add a new organization to ROR: 
 
Colegio de Farmacéuticos de la provincia de Buenos Aires ",Universidad Nacional de La Plata,https://ror.org/01tjs6929,https://ror.org/01pv6r024,Colegio de Farmacéuticos de la Provincia de Buenos Aires,Related,Release
36627,https://github.com/ror-community/ror-updates/issues/36627,"Modify the information in an existing ROR record: 
Institute of Geography https://ror.org/01m7dbh13
",Institute of Geography,https://ror.org/01m7dbh13,https://ror.org/022arna15,Ministry of Science and Education Republic of Azerbaijan,Parent,Production
36627,https://github.com/ror-community/ror-updates/issues/36627,"Modify the information in an existing ROR record: 
Institute of Geography https://ror.org/01m7dbh13
",Ministry of Science and Education Republic of Azerbaijan,https://ror.org/022arna15,https://ror.org/01m7dbh13,Institute of Geography,Child,Release
34397,https://github.com/ror-community/ror-updates/issues/34397,"Add a new organization to ROR: 
 
State Istitution ""V.Danilevsky Institute for Endocrine Pathology Problems of NAMS of Ukraine""","State Institution ""V. Danilevsky Institute for Endocrine Pathology Problems of NAMS of Ukraine""",https://ror.org/04fwp5r61,https://ror.org/042dnf796,National Academy of Medical Sciences of Ukraine,Parent,Production
34397,https://github.com/ror-community/ror-updates/issues/34397,"Add a new organization to ROR: 
 
State Istitution ""V.Danilevsky Institute for Endocrine Pathology Problems of NAMS of Ukraine""",National Academy of Medical Sciences of Ukraine,https://ror.org/042dnf796,https://ror.org/04fwp5r61,"State Institution ""V. Danilevsky Institute for Endocrine Pathology Problems of NAMS of Ukraine""",Child,Release
37253,https://github.com/ror-community/ror-updates/issues/37253,Modify the information in an existing ROR record: Saudi Food and Drug Authority - https://ror.org/025ws5v25,Saudi Food and Drug Authority,https://ror.org/025ws5v25,https://ror.org/03qdtqk38,Saudi Food and Drug Authority,Successor,Production
37255,https://github.com/ror-community/ror-updates/issues/37255,Modify the information in an existing ROR record: DNA Genotek (Canada) - https://ror.org/01x186189,DNA Genotek (Canada),https://ror.org/01x186189,https://ror.org/04qd05j70,DNA Genotek (Canada),Successor,Production
37256,https://github.com/ror-community/ror-updates/issues/37256,Modify the information in an existing ROR record: Antenne Services déconcentrés d'appui à la recherche Grand Est-Nancy/Colmar - https://ror.org/00hj3wt34,Antenne Services déconcentrés d'appui à la recherche Grand Est-Nancy/Colmar,https://ror.org/00hj3wt34,https://ror.org/00zg31r41,Antenne Services déconcentrés d'appui à la recherche Grand Est-Nancy/Colmar,Successor,Production
37257,https://github.com/ror-community/ror-updates/issues/37257,Modify the information in an existing ROR record: Canadian Society for Molecular Biosciences - https://ror.org/05en8p803,Canadian Society for Molecular Biosciences,https://ror.org/05en8p803,https://ror.org/010a6kp13,Canadian Society for Molecular Biosciences,Successor,Production
37258,https://github.com/ror-community/ror-updates/issues/37258,Modify the information in an existing ROR record: Lupus Canada - https://ror.org/00ppdgj07,Lupus Canada,https://ror.org/00ppdgj07,https://ror.org/00sr3dj29,Lupus Canada,Successor,Production
37259,https://github.com/ror-community/ror-updates/issues/37259,Modify the information in an existing ROR record: Institut du cancer de Montréal - https://ror.org/05h9jje84,Institut du cancer de Montréal,https://ror.org/05h9jje84,https://ror.org/05w6ffd16,Institut du cancer de Montréal,Successor,Production
37260,https://github.com/ror-community/ror-updates/issues/37260,Modify the information in an existing ROR record: Harmony Biosciences (United States) - https://ror.org/02rnp2q91,Harmony Biosciences (United States),https://ror.org/02rnp2q91,https://ror.org/03kz8nj22,Harmony Biosciences (United States),Successor,Production
37254,https://github.com/ror-community/ror-updates/issues/37254,Modify the information in an existing ROR record: Pennsylvania State University - Greater Allegheny - https://ror.org/00v1rqk12,Pennsylvania State University - Greater Allegheny,https://ror.org/00v1rqk12,https://ror.org/011apn769,Pennsylvania State University - Greater Allegheny,Successor,Production
37215,https://github.com/ror-community/ror-updates/issues/37215,"Add a new organization to ROR: 
 
Mind, Brain and Behavior Research Center (CIMCYC)","Centro de Investigación Mente, Cerebro y Comportamiento",https://ror.org/051r21g65,https://ror.org/04njjy449,Universidad de Granada,Parent,Production
37215,https://github.com/ror-community/ror-updates/issues/37215,"Add a new organization to ROR: 
 
Mind, Brain and Behavior Research Center (CIMCYC)",Universidad de Granada,https://ror.org/04njjy449,https://ror.org/051r21g65,"Centro de Investigación Mente, Cerebro y Comportamiento",Child,Release
37233,https://github.com/ror-community/ror-updates/issues/37233,"Add a new organization to ROR: 
 
BC Housing",BC Housing,https://ror.org/03y2h9g92,https://ror.org/011e3e176,Government of British Columbia,Related,Production
37233,https://github.com/ror-community/ror-updates/issues/37233,"Add a new organization to ROR: 
 
BC Housing",Government of British Columbia,https://ror.org/011e3e176,https://ror.org/03y2h9g92,BC Housing,Related,Release
37063,https://github.com/ror-community/ror-updates/issues/37063,"Add a new organization to ROR: 
 
Tagore College of Pharmacy",Tagore College of Pharmacy,https://ror.org/02691hs74,https://ror.org/00b3mhg89,Tamil Nadu Dr. M.G.R. Medical University,Related,Production
37063,https://github.com/ror-community/ror-updates/issues/37063,"Add a new organization to ROR: 
 
Tagore College of Pharmacy",Tamil Nadu Dr. M.G.R. Medical University,https://ror.org/00b3mhg89,https://ror.org/02691hs74,Tagore College of Pharmacy,Related,Release
36642,https://github.com/ror-community/ror-updates/issues/36642,"Add a new organization to ROR: 
 
École Supérieure Africaine des TIC",École Supérieure Africaine des TIC,https://ror.org/01anbmy79,https://ror.org/03f915n15,Institut National Polytechnique Félix Houphouët-Boigny,Related,Production
36642,https://github.com/ror-community/ror-updates/issues/36642,"Add a new organization to ROR: 
 
École Supérieure Africaine des TIC",Institut National Polytechnique Félix Houphouët-Boigny,https://ror.org/03f915n15,https://ror.org/01anbmy79,École Supérieure Africaine des TIC,Related,Release
36705,https://github.com/ror-community/ror-updates/issues/36705,"Add a new organization to ROR: 
 
PHAETHON Centre of Excellence",PHAETHON Centre of Excellence,https://ror.org/00a06pm72,https://ror.org/02qjrjx09,University of Cyprus,Parent,Production
36705,https://github.com/ror-community/ror-updates/issues/36705,"Add a new organization to ROR: 
 
PHAETHON Centre of Excellence",University of Cyprus,https://ror.org/02qjrjx09,https://ror.org/00a06pm72,PHAETHON Centre of Excellence,Child,Release
37053,https://github.com/ror-community/ror-updates/issues/37053,Add a new organization to ROR: East Jeddah Hospital,East Jeddah Hospital,https://ror.org/04afsdm50,https://ror.org/03sbrg850,Jeddah First Health Cluster,Parent,Production
37053,https://github.com/ror-community/ror-updates/issues/37053,Add a new organization to ROR: East Jeddah Hospital,Jeddah First Health Cluster,https://ror.org/03sbrg850,https://ror.org/04afsdm50,East Jeddah Hospital,Child,Release
36923,https://github.com/ror-community/ror-updates/issues/36923,"Add a new organization to ROR: 
 
Cadham Provincial Laboratory",Cadham Provincial Laboratory,https://ror.org/05t1shp77,https://ror.org/00yqy0q42,Shared Health,Parent,Production
36923,https://github.com/ror-community/ror-updates/issues/36923,"Add a new organization to ROR: 
 
Cadham Provincial Laboratory",Shared Health,https://ror.org/00yqy0q42,https://ror.org/05t1shp77,Cadham Provincial Laboratory,Child,Release
37124,https://github.com/ror-community/ror-updates/issues/37124,"Add a new organization to ROR: 
 
Easterseals Southern California ",Easterseals Southern California,https://ror.org/00670g675,https://ror.org/00c9pzm73,Easterseals,Parent,Production
37124,https://github.com/ror-community/ror-updates/issues/37124,"Add a new organization to ROR: 
 
Easterseals Southern California ",Easterseals,https://ror.org/00c9pzm73,https://ror.org/00670g675,Easterseals Southern California,Child,Release
33201,https://github.com/ror-community/ror-updates/issues/33201,"Add a new organization to ROR: 
 
Alzheimer Society of British Columbia",Alzheimer Society of BC and Yukon,https://ror.org/0072htj14,https://ror.org/03benss35,Alzheimer Society of Canada,Parent,Production
33201,https://github.com/ror-community/ror-updates/issues/33201,"Add a new organization to ROR: 
 
Alzheimer Society of British Columbia",Alzheimer Society of Canada,https://ror.org/03benss35,https://ror.org/0072htj14,Alzheimer Society of BC and Yukon,Child,Release
37326,https://github.com/ror-community/ror-updates/issues/37326,Modify the information in an existing ROR record: Aditya Institute of Technology and Management - https://ror.org/00y0mva98,Aditya Institute of Technology and Management,https://ror.org/00y0mva98,https://ror.org/05s9t8c95,"Jawaharlal Nehru Technological University, Kakinada",Delete,Production
37326,https://github.com/ror-community/ror-updates/issues/37326,Modify the information in an existing ROR record: Aditya Institute of Technology and Management - https://ror.org/00y0mva98,"Jawaharlal Nehru Technological University, Kakinada",https://ror.org/05s9t8c95,https://ror.org/00y0mva98,Aditya Institute of Technology and Management,Delete,Release
37326,https://github.com/ror-community/ror-updates/issues/37326,Modify the information in an existing ROR record: Aditya Institute of Technology and Management - https://ror.org/00y0mva98,Aditya Institute of Technology and Management,https://ror.org/00y0mva98,https://ror.org/04hd1a463,"Jawaharlal Nehru Technological University-Gurajada, Vizianagaram",Related,Production
37326,https://github.com/ror-community/ror-updates/issues/37326,Modify the information in an existing ROR record: Aditya Institute of Technology and Management - https://ror.org/00y0mva98,"Jawaharlal Nehru Technological University-Gurajada, Vizianagaram",https://ror.org/04hd1a463,https://ror.org/00y0mva98,Aditya Institute of Technology and Management,Related,Release
37319,https://github.com/ror-community/ror-updates/issues/37319,Add a new organization to ROR: Joshua Tree National Park,Joshua Tree National Park,https://ror.org/01tndtj91,https://ror.org/044zqqy65,National Park Service,Parent,Production
37319,https://github.com/ror-community/ror-updates/issues/37319,Add a new organization to ROR: Joshua Tree National Park,National Park Service,https://ror.org/044zqqy65,https://ror.org/01tndtj91,Joshua Tree National Park,Child,Release
33458,https://github.com/ror-community/ror-updates/issues/33458,"Add a new organization to ROR: 
 
Instituto de Investigación en Agrobiotecnología",Instituto de Investigación en Agrobiotecnología,https://ror.org/00p4kjh08,https://ror.org/02f40zc51,Universidad de Salamanca,Parent,Production
33458,https://github.com/ror-community/ror-updates/issues/33458,"Add a new organization to ROR: 
 
Instituto de Investigación en Agrobiotecnología",Universidad de Salamanca,https://ror.org/02f40zc51,https://ror.org/00p4kjh08,Instituto de Investigación en Agrobiotecnología,Child,Release
33637,https://github.com/ror-community/ror-updates/issues/33637,"Add a new organization to ROR: 
 
Institute of Metallurgy and Ore Beneficiation JSC","""Institute of Metallurgy and Ore Beneficiation"" JSC",https://ror.org/02gehyv04,https://ror.org/020cpsb96,Satbayev University,Parent,Production
33637,https://github.com/ror-community/ror-updates/issues/33637,"Add a new organization to ROR: 
 
Institute of Metallurgy and Ore Beneficiation JSC",Satbayev University,https://ror.org/020cpsb96,https://ror.org/02gehyv04,"""Institute of Metallurgy and Ore Beneficiation"" JSC",Child,Release
33887,https://github.com/ror-community/ror-updates/issues/33887,"Add a new organization to ROR: 
 
Alberta Centre for Injury Control & Research",Alberta Centre for Injury Control & Research,https://ror.org/02zccb110,https://ror.org/0160cpw27,University of Alberta,Parent,Production
33887,https://github.com/ror-community/ror-updates/issues/33887,"Add a new organization to ROR: 
 
Alberta Centre for Injury Control & Research",University of Alberta,https://ror.org/0160cpw27,https://ror.org/02zccb110,Alberta Centre for Injury Control & Research,Child,Release
37341,https://github.com/ror-community/ror-updates/issues/37341,"Add a new organization to ROR: 
 
National Metrology Institute of Japan",National Metrology Institute of Japan,https://ror.org/00j3eeb74,https://ror.org/01703db54,National Institute of Advanced Industrial Science and Technology,Parent,Production
37341,https://github.com/ror-community/ror-updates/issues/37341,"Add a new organization to ROR: 
 
National Metrology Institute of Japan",National Institute of Advanced Industrial Science and Technology,https://ror.org/01703db54,https://ror.org/00j3eeb74,National Metrology Institute of Japan,Child,Release
37358,https://github.com/ror-community/ror-updates/issues/37358,"Add a new organization to ROR: Anthropologie bio-culturelle, Droit, Éthique & Santé","Anthropologie Bio-Culturelle, Droit, Éthique & Santé",https://ror.org/01d6gcn73,https://ror.org/035xkbk20,Aix-Marseille Université,Parent,Production
37358,https://github.com/ror-community/ror-updates/issues/37358,"Add a new organization to ROR: Anthropologie bio-culturelle, Droit, Éthique & Santé",Aix-Marseille Université,https://ror.org/035xkbk20,https://ror.org/01d6gcn73,"Anthropologie Bio-Culturelle, Droit, Éthique & Santé",Child,Release
37358,https://github.com/ror-community/ror-updates/issues/37358,"Add a new organization to ROR: Anthropologie bio-culturelle, Droit, Éthique & Santé","Anthropologie Bio-Culturelle, Droit, Éthique & Santé",https://ror.org/01d6gcn73,https://ror.org/017rnyz40,Ministère de la Culture,Related,Production
37358,https://github.com/ror-community/ror-updates/issues/37358,"Add a new organization to ROR: Anthropologie bio-culturelle, Droit, Éthique & Santé",Ministère de la Culture,https://ror.org/017rnyz40,https://ror.org/01d6gcn73,"Anthropologie Bio-Culturelle, Droit, Éthique & Santé",Related,Release
37240,https://github.com/ror-community/ror-updates/issues/37240,"Add a new organization to ROR: 
 
International Center for Monetary and Banking Studies",International Center for Monetary and Banking Studies,https://ror.org/04mh3q120,https://ror.org/01vqjmx11,Center for Economic and Policy Research,Related,Production
37240,https://github.com/ror-community/ror-updates/issues/37240,"Add a new organization to ROR: 
 
International Center for Monetary and Banking Studies",Center for Economic and Policy Research,https://ror.org/01vqjmx11,https://ror.org/04mh3q120,International Center for Monetary and Banking Studies,Related,Release
37240,https://github.com/ror-community/ror-updates/issues/37240,"Add a new organization to ROR: 
 
International Center for Monetary and Banking Studies",International Center for Monetary and Banking Studies,https://ror.org/04mh3q120,https://ror.org/007ygn379,Graduate Institute of International and Development Studies,Related,Production
37240,https://github.com/ror-community/ror-updates/issues/37240,"Add a new organization to ROR: 
 
International Center for Monetary and Banking Studies",Graduate Institute of International and Development Studies,https://ror.org/007ygn379,https://ror.org/04mh3q120,International Center for Monetary and Banking Studies,Related,Release
37359,https://github.com/ror-community/ror-updates/issues/37359,"Add a new organization to ROR: ARTHritEs, Microchimérisme et InflammationS","ARTHritEs, Microchimérisme et InflammationS",https://ror.org/02ey96414,https://ror.org/035xkbk20,Aix-Marseille Université,Parent,Production
37359,https://github.com/ror-community/ror-updates/issues/37359,"Add a new organization to ROR: ARTHritEs, Microchimérisme et InflammationS",Aix-Marseille Université,https://ror.org/035xkbk20,https://ror.org/02ey96414,"ARTHritEs, Microchimérisme et InflammationS",Child,Release
37360,https://github.com/ror-community/ror-updates/issues/37360,Add a new organization to ROR: Centre de recherche en CardioVasculaire et Nutrition,Centre de Recherche en CardioVasculaire et Nutrition,https://ror.org/059jcps08,https://ror.org/035xkbk20,Aix-Marseille Université,Parent,Production
37360,https://github.com/ror-community/ror-updates/issues/37360,Add a new organization to ROR: Centre de recherche en CardioVasculaire et Nutrition,Aix-Marseille Université,https://ror.org/035xkbk20,https://ror.org/059jcps08,Centre de Recherche en CardioVasculaire et Nutrition,Child,Release
37360,https://github.com/ror-community/ror-updates/issues/37360,Add a new organization to ROR: Centre de recherche en CardioVasculaire et Nutrition,Centre de Recherche en CardioVasculaire et Nutrition,https://ror.org/059jcps08,https://ror.org/02feahw73,Centre National de la Recherche Scientifique,Related,Production
37360,https://github.com/ror-community/ror-updates/issues/37360,Add a new organization to ROR: Centre de recherche en CardioVasculaire et Nutrition,Centre National de la Recherche Scientifique,https://ror.org/02feahw73,https://ror.org/059jcps08,Centre de Recherche en CardioVasculaire et Nutrition,Related,Release
37360,https://github.com/ror-community/ror-updates/issues/37360,Add a new organization to ROR: Centre de recherche en CardioVasculaire et Nutrition,Centre de Recherche en CardioVasculaire et Nutrition,https://ror.org/059jcps08,https://ror.org/05hqfh882,"Nutrition, Obésité et Risque Thrombotique",Predecessor,Production
37360,https://github.com/ror-community/ror-updates/issues/37360,Add a new organization to ROR: Centre de recherche en CardioVasculaire et Nutrition,"Nutrition, Obésité et Risque Thrombotique",https://ror.org/05hqfh882,https://ror.org/059jcps08,Centre de Recherche en CardioVasculaire et Nutrition,Successor,Release
37362,https://github.com/ror-community/ror-updates/issues/37362,Add a new organization to ROR: Centre Européen de Recherche en Imagerie Médicale,Centre Européen de Recherche en Imagerie Médicale,https://ror.org/037hgvq20,https://ror.org/035xkbk20,Aix-Marseille Université,Parent,Production
37362,https://github.com/ror-community/ror-updates/issues/37362,Add a new organization to ROR: Centre Européen de Recherche en Imagerie Médicale,Aix-Marseille Université,https://ror.org/035xkbk20,https://ror.org/037hgvq20,Centre Européen de Recherche en Imagerie Médicale,Child,Release
37363,https://github.com/ror-community/ror-updates/issues/37363,Add a new organization to ROR: Centre de Recherche en Psychologie et Neurosciences,Centre de Recherche en Psychologie et Neurosciences,https://ror.org/05arke896,https://ror.org/035xkbk20,Aix-Marseille Université,Parent,Production
37363,https://github.com/ror-community/ror-updates/issues/37363,Add a new organization to ROR: Centre de Recherche en Psychologie et Neurosciences,Aix-Marseille Université,https://ror.org/035xkbk20,https://ror.org/05arke896,Centre de Recherche en Psychologie et Neurosciences,Child,Release
37363,https://github.com/ror-community/ror-updates/issues/37363,Add a new organization to ROR: Centre de Recherche en Psychologie et Neurosciences,Centre de Recherche en Psychologie et Neurosciences,https://ror.org/05arke896,https://ror.org/02dg3n954,Laboratoire de Neurosciences Cognitives,Predecessor,Production
37363,https://github.com/ror-community/ror-updates/issues/37363,Add a new organization to ROR: Centre de Recherche en Psychologie et Neurosciences,Laboratoire de Neurosciences Cognitives,https://ror.org/02dg3n954,https://ror.org/05arke896,Centre de Recherche en Psychologie et Neurosciences,Successor,Release
37363,https://github.com/ror-community/ror-updates/issues/37363,Add a new organization to ROR: Centre de Recherche en Psychologie et Neurosciences,Centre de Recherche en Psychologie et Neurosciences,https://ror.org/05arke896,https://ror.org/01rf5x574,Laboratoire de Psychologie Cognitive,Predecessor,Production
37363,https://github.com/ror-community/ror-updates/issues/37363,Add a new organization to ROR: Centre de Recherche en Psychologie et Neurosciences,Laboratoire de Psychologie Cognitive,https://ror.org/01rf5x574,https://ror.org/05arke896,Centre de Recherche en Psychologie et Neurosciences,Successor,Release
37364,https://github.com/ror-community/ror-updates/issues/37364,"Add a new organization to ROR: Dynamique et nanoenvironnement des membranes
biologiques*fr",Dynamique et Nanoenvironnement des Membranes Biologiques,https://ror.org/02582pt72,https://ror.org/035xkbk20,Aix-Marseille Université,Parent,Production
37364,https://github.com/ror-community/ror-updates/issues/37364,"Add a new organization to ROR: Dynamique et nanoenvironnement des membranes
biologiques*fr",Aix-Marseille Université,https://ror.org/035xkbk20,https://ror.org/02582pt72,Dynamique et Nanoenvironnement des Membranes Biologiques,Child,Release
37366,https://github.com/ror-community/ror-updates/issues/37366,Add a new organization to ROR: Fédération des Sciences Chimiques de Marseille,Fédération des Sciences Chimiques de Marseille,https://ror.org/028evyr89,https://ror.org/035xkbk20,Aix-Marseille Université,Parent,Production
37366,https://github.com/ror-community/ror-updates/issues/37366,Add a new organization to ROR: Fédération des Sciences Chimiques de Marseille,Aix-Marseille Université,https://ror.org/035xkbk20,https://ror.org/028evyr89,Fédération des Sciences Chimiques de Marseille,Child,Release
37367,https://github.com/ror-community/ror-updates/issues/37367,Add a new organization to ROR: HIPE Human Lab,HIPE Human Lab,https://ror.org/032nvjr84,https://ror.org/035xkbk20,Aix-Marseille Université,Parent,Production
37367,https://github.com/ror-community/ror-updates/issues/37367,Add a new organization to ROR: HIPE Human Lab,Aix-Marseille Université,https://ror.org/035xkbk20,https://ror.org/032nvjr84,HIPE Human Lab,Child,Release
37368,https://github.com/ror-community/ror-updates/issues/37368,Add a new organization to ROR: Laboratoire de Biomécanique Appliquée,Laboratoire de Biomécanique Appliquée,https://ror.org/01t8n7650,https://ror.org/035xkbk20,Aix-Marseille Université,Parent,Production
37368,https://github.com/ror-community/ror-updates/issues/37368,Add a new organization to ROR: Laboratoire de Biomécanique Appliquée,Aix-Marseille Université,https://ror.org/035xkbk20,https://ror.org/01t8n7650,Laboratoire de Biomécanique Appliquée,Child,Release
34302,https://github.com/ror-community/ror-updates/issues/34302,"Add a new organization to ROR: 
 
Contraception and Abortion Research Team",Contraception & Abortion Research Team – Groupe de recherche sur l’avortement et la contraception,https://ror.org/040wj0x86,https://ror.org/03rmrcq20,University of British Columbia,Parent,Production
34302,https://github.com/ror-community/ror-updates/issues/34302,"Add a new organization to ROR: 
 
Contraception and Abortion Research Team",University of British Columbia,https://ror.org/03rmrcq20,https://ror.org/040wj0x86,Contraception & Abortion Research Team – Groupe de recherche sur l’avortement et la contraception,Child,Release
34395,https://github.com/ror-community/ror-updates/issues/34395,"Add a new organization to ROR: 
 
Dum Dum Motijheel College",Dum Dum Motijheel College,https://ror.org/05sa1pt97,https://ror.org/04qs5en05,West Bengal State University,Related,Production
34395,https://github.com/ror-community/ror-updates/issues/34395,"Add a new organization to ROR: 
 
Dum Dum Motijheel College",West Bengal State University,https://ror.org/04qs5en05,https://ror.org/05sa1pt97,Dum Dum Motijheel College,Related,Release
35912,https://github.com/ror-community/ror-updates/issues/35912,"Add a new organization to ROR: 
 
Islamic Azad University, Gonbad Kavoos Branch",Islamic Azad University Gonbad Kavoos Branch,https://ror.org/037hpsz89,https://ror.org/01kzn7k21,"Islamic Azad University, Tehran",Parent,Production
35912,https://github.com/ror-community/ror-updates/issues/35912,"Add a new organization to ROR: 
 
Islamic Azad University, Gonbad Kavoos Branch","Islamic Azad University, Tehran",https://ror.org/01kzn7k21,https://ror.org/037hpsz89,Islamic Azad University Gonbad Kavoos Branch,Child,Release
35933,https://github.com/ror-community/ror-updates/issues/35933,Add a new organization to ROR: Nalla Malla Reddy Engineering College,Nalla Malla Reddy Engineering College,https://ror.org/01v4b0283,https://ror.org/002tchr49,"Jawaharlal Nehru Technological University, Hyderabad",Related,Production
35933,https://github.com/ror-community/ror-updates/issues/35933,Add a new organization to ROR: Nalla Malla Reddy Engineering College,"Jawaharlal Nehru Technological University, Hyderabad",https://ror.org/002tchr49,https://ror.org/01v4b0283,Nalla Malla Reddy Engineering College,Related,Release
36789,https://github.com/ror-community/ror-updates/issues/36789,"Add a new organization to ROR: 
 
SA Genome Editing Facility",SA Genome Editing Facility,https://ror.org/03zvzj377,https://ror.org/028g18b61,Adelaide University,Parent,Production
36789,https://github.com/ror-community/ror-updates/issues/36789,"Add a new organization to ROR: 
 
SA Genome Editing Facility",Adelaide University,https://ror.org/028g18b61,https://ror.org/03zvzj377,SA Genome Editing Facility,Child,Release
36789,https://github.com/ror-community/ror-updates/issues/36789,"Add a new organization to ROR: 
 
SA Genome Editing Facility",SA Genome Editing Facility,https://ror.org/03zvzj377,https://ror.org/0201hm243,Phenomics Australia,Related,Production
36789,https://github.com/ror-community/ror-updates/issues/36789,"Add a new organization to ROR: 
 
SA Genome Editing Facility",Phenomics Australia,https://ror.org/0201hm243,https://ror.org/03zvzj377,SA Genome Editing Facility,Related,Release
37852,https://github.com/ror-community/ror-updates/issues/37852,"Add a new organization to ROR: 
 
Government Doon Medical College",Government Doon Medical College,https://ror.org/03gkjqv14,https://ror.org/03xp91198,Hemwati Nandan Bahuguna Uttarakhand Medical Education University,Related,Production
37852,https://github.com/ror-community/ror-updates/issues/37852,"Add a new organization to ROR: 
 
Government Doon Medical College",Hemwati Nandan Bahuguna Uttarakhand Medical Education University,https://ror.org/03xp91198,https://ror.org/03gkjqv14,Government Doon Medical College,Related,Release
37828,https://github.com/ror-community/ror-updates/issues/37828,Add a new organization to ROR: Parala Maharaja Engineering College,Parala Maharaja Engineering College,https://ror.org/043n3me15,https://ror.org/03vqjtg68,Biju Patnaik University of Technology,Related,Production
37828,https://github.com/ror-community/ror-updates/issues/37828,Add a new organization to ROR: Parala Maharaja Engineering College,Biju Patnaik University of Technology,https://ror.org/03vqjtg68,https://ror.org/043n3me15,Parala Maharaja Engineering College,Related,Release
37816,https://github.com/ror-community/ror-updates/issues/37816,Add a new organization to ROR: Baylor Scott & White Research Institute,Baylor Scott & White Research Institute,https://ror.org/012z4f430,https://ror.org/05wevan27,Baylor Scott & White Health,Parent,Production
37816,https://github.com/ror-community/ror-updates/issues/37816,Add a new organization to ROR: Baylor Scott & White Research Institute,Baylor Scott & White Health,https://ror.org/05wevan27,https://ror.org/012z4f430,Baylor Scott & White Research Institute,Child,Release
37814,https://github.com/ror-community/ror-updates/issues/37814,Add a new organization to ROR: Polymer Processing Institute,Polymer Processing Institute,https://ror.org/049ap7h93,https://ror.org/05e74xb87,New Jersey Institute of Technology,Related,Production
37814,https://github.com/ror-community/ror-updates/issues/37814,Add a new organization to ROR: Polymer Processing Institute,New Jersey Institute of Technology,https://ror.org/05e74xb87,https://ror.org/049ap7h93,Polymer Processing Institute,Related,Release
34538,https://github.com/ror-community/ror-updates/issues/34538,"Add a new organization to ROR: 
 
Institut Littoral Urbain Durable Intelligent",Institut Littoral Urbain Durable Intelligent,https://ror.org/02ybktg71,https://ror.org/04mv1z119,La Rochelle Université,Parent,Production
34538,https://github.com/ror-community/ror-updates/issues/34538,"Add a new organization to ROR: 
 
Institut Littoral Urbain Durable Intelligent",La Rochelle Université,https://ror.org/04mv1z119,https://ror.org/02ybktg71,Institut Littoral Urbain Durable Intelligent,Child,Release
36263,https://github.com/ror-community/ror-updates/issues/36263,"Add a new organization to ROR: 
 
TecNM IT Valle del Guadiana",Tecnológico del Valle del Guadiana,https://ror.org/05bfvpz78,https://ror.org/00davry38,Tecnológico Nacional de México,Parent,Production
36263,https://github.com/ror-community/ror-updates/issues/36263,"Add a new organization to ROR: 
 
TecNM IT Valle del Guadiana",Tecnológico Nacional de México,https://ror.org/00davry38,https://ror.org/05bfvpz78,Tecnológico del Valle del Guadiana,Child,Release
36275,https://github.com/ror-community/ror-updates/issues/36275,"Add a new organization to ROR: 
 
Mindanao State University - Maigo College of Education, Science and Technology","Mindanao State University - Maigo College of Education, Science and Technology",https://ror.org/04kg4jw27,https://ror.org/026441d17,Mindanao State University,Parent,Production
36275,https://github.com/ror-community/ror-updates/issues/36275,"Add a new organization to ROR: 
 
Mindanao State University - Maigo College of Education, Science and Technology",Mindanao State University,https://ror.org/026441d17,https://ror.org/04kg4jw27,"Mindanao State University - Maigo College of Education, Science and Technology",Child,Release
34274,https://github.com/ror-community/ror-updates/issues/34274,"Add a new organization to ROR: 
 
Cooperative Institute for Research to Operations in Hydrology",Cooperative Institute for Research to Operations in Hydrology,https://ror.org/04cjvpq46,https://ror.org/03xrrjk67,University of Alabama,Parent,Production
34274,https://github.com/ror-community/ror-updates/issues/34274,"Add a new organization to ROR: 
 
Cooperative Institute for Research to Operations in Hydrology",University of Alabama,https://ror.org/03xrrjk67,https://ror.org/04cjvpq46,Cooperative Institute for Research to Operations in Hydrology,Child,Release
36051,https://github.com/ror-community/ror-updates/issues/36051,Add a new organization to ROR: Rubinstein Center for Constitutional Challenges*en,Rubinstein Center for Constitutional Challenges,https://ror.org/00eew5z52,https://ror.org/01px5cv07,Reichman University,Parent,Production
36051,https://github.com/ror-community/ror-updates/issues/36051,Add a new organization to ROR: Rubinstein Center for Constitutional Challenges*en,Reichman University,https://ror.org/01px5cv07,https://ror.org/00eew5z52,Rubinstein Center for Constitutional Challenges,Child,Release
36589,https://github.com/ror-community/ror-updates/issues/36589,"Add a new organization to ROR: 
 
TecNM Instituto Tecnológico Superior de El Mante",Instituto Tecnológico Superior de El Mante,https://ror.org/05qqtz946,https://ror.org/00davry38,Tecnológico Nacional de México,Parent,Production
36589,https://github.com/ror-community/ror-updates/issues/36589,"Add a new organization to ROR: 
 
TecNM Instituto Tecnológico Superior de El Mante",Tecnológico Nacional de México,https://ror.org/00davry38,https://ror.org/05qqtz946,Instituto Tecnológico Superior de El Mante,Child,Release
37735,https://github.com/ror-community/ror-updates/issues/37735,Add a new organization to ROR: China Mobile Research Institute,China Mobile Research Institute,https://ror.org/02k01dh53,https://ror.org/05gftfe97,China Mobile (China),Parent,Production
37735,https://github.com/ror-community/ror-updates/issues/37735,Add a new organization to ROR: China Mobile Research Institute,China Mobile (China),https://ror.org/05gftfe97,https://ror.org/02k01dh53,China Mobile Research Institute,Child,Release
37749,https://github.com/ror-community/ror-updates/issues/37749,Add a new organization to ROR: Wuhan Surveying-Geotechnical Research Institute,Wuhan Surveying-Geotechnical Research Institute,https://ror.org/02s4n1c28,https://ror.org/05k6zrs81,Metallurgical Corporation of China (China),Parent,Production
37749,https://github.com/ror-community/ror-updates/issues/37749,Add a new organization to ROR: Wuhan Surveying-Geotechnical Research Institute,Metallurgical Corporation of China (China),https://ror.org/05k6zrs81,https://ror.org/02s4n1c28,Wuhan Surveying-Geotechnical Research Institute,Child,Release
37742,https://github.com/ror-community/ror-updates/issues/37742,Add a new organization to ROR: Shenzhen Traditional Chinese Medicine Hospital,Shenzhen Traditional Chinese Medicine Hospital,https://ror.org/00b16vp10,https://ror.org/03qb7bg95,Guangzhou University of Chinese Medicine,Related,Production
37742,https://github.com/ror-community/ror-updates/issues/37742,Add a new organization to ROR: Shenzhen Traditional Chinese Medicine Hospital,Guangzhou University of Chinese Medicine,https://ror.org/03qb7bg95,https://ror.org/00b16vp10,Shenzhen Traditional Chinese Medicine Hospital,Related,Release
37748,https://github.com/ror-community/ror-updates/issues/37748,Add a new organization to ROR: Chengdu Institute of Biological Products,Chengdu Institute of Biological Products (China),https://ror.org/02txz4846,https://ror.org/01y20q665,China National Biotechnology (China),Parent,Production
37748,https://github.com/ror-community/ror-updates/issues/37748,Add a new organization to ROR: Chengdu Institute of Biological Products,China National Biotechnology (China),https://ror.org/01y20q665,https://ror.org/02txz4846,Chengdu Institute of Biological Products (China),Child,Release
37355,https://github.com/ror-community/ror-updates/issues/37355,Add a new organization to ROR: Mental Health Hospital,Mental Health Hospital,https://ror.org/05t1py545,https://ror.org/03sbrg850,Jeddah First Health Cluster,Parent,Production
37355,https://github.com/ror-community/ror-updates/issues/37355,Add a new organization to ROR: Mental Health Hospital,Jeddah First Health Cluster,https://ror.org/03sbrg850,https://ror.org/05t1py545,Mental Health Hospital,Child,Release
37720,https://github.com/ror-community/ror-updates/issues/37720,Add a new organization to ROR: SINOPEC Beijing Research Institute of Chemical Industry,SINOPEC Beijing Research Institute of Chemical Industry,https://ror.org/01c6ft524,https://ror.org/0161q6d74,Sinopec (China),Parent,Production
37720,https://github.com/ror-community/ror-updates/issues/37720,Add a new organization to ROR: SINOPEC Beijing Research Institute of Chemical Industry,Sinopec (China),https://ror.org/0161q6d74,https://ror.org/01c6ft524,SINOPEC Beijing Research Institute of Chemical Industry,Child,Release
37615,https://github.com/ror-community/ror-updates/issues/37615,"Add a new organization to ROR: 
 
Shri Madhwa Vadiraja Institute of Technology and Management",Shri Madhwa Vadiraja Institute of Technology and Management,https://ror.org/0585ayt41,https://ror.org/00ha14p11,Visvesvaraya Technological University,Related,Production
37615,https://github.com/ror-community/ror-updates/issues/37615,"Add a new organization to ROR: 
 
Shri Madhwa Vadiraja Institute of Technology and Management",Visvesvaraya Technological University,https://ror.org/00ha14p11,https://ror.org/0585ayt41,Shri Madhwa Vadiraja Institute of Technology and Management,Related,Release
36072,https://github.com/ror-community/ror-updates/issues/36072,Add a new organization to ROR: FACT Research Center*en,FACT Research Center,https://ror.org/05549nv94,https://ror.org/01px5cv07,Reichman University,Parent,Production
36072,https://github.com/ror-community/ror-updates/issues/36072,Add a new organization to ROR: FACT Research Center*en,Reichman University,https://ror.org/01px5cv07,https://ror.org/05549nv94,FACT Research Center,Child,Release
36071,https://github.com/ror-community/ror-updates/issues/36071,Add a new organization to ROR: Technology and Mental Health Hub*en,Technology and Mental Health Hub,https://ror.org/0123nxb25,https://ror.org/01px5cv07,Reichman University,Parent,Production
36071,https://github.com/ror-community/ror-updates/issues/36071,Add a new organization to ROR: Technology and Mental Health Hub*en,Reichman University,https://ror.org/01px5cv07,https://ror.org/0123nxb25,Technology and Mental Health Hub,Child,Release
37271,https://github.com/ror-community/ror-updates/issues/37271,Add a new organization to ROR: Observatoire océanologique de Villefranche-sur-Mer (fr),Observatoire Océanologique de Villefranche-sur-Mer,https://ror.org/04t9xb788,https://ror.org/05jpad840,Institut de la Mer de Villefranche,Successor,Production
37271,https://github.com/ror-community/ror-updates/issues/37271,Add a new organization to ROR: Observatoire océanologique de Villefranche-sur-Mer (fr),Institut de la Mer de Villefranche,https://ror.org/05jpad840,https://ror.org/04t9xb788,Observatoire Océanologique de Villefranche-sur-Mer,Predecessor,Release
36064,https://github.com/ror-community/ror-updates/issues/36064,Add a new organization to ROR: The Research-Based Therapeutic Clinic*en,The Therapeutic Clinic at the Baruch Ivcher School of Psychology,https://ror.org/01ev6yf32,https://ror.org/01px5cv07,,Parent,Production
36064,https://github.com/ror-community/ror-updates/issues/36064,Add a new organization to ROR: The Research-Based Therapeutic Clinic*en,,https://ror.org/01px5cv08,https://ror.org/01ev6yf32,The Therapeutic Clinic at the Baruch Ivcher School of Psychology,Child,Release
37275,https://github.com/ror-community/ror-updates/issues/37275,"Add a new organization to ROR: Sciences,  Normes,  Décision","Sciences, Normes, Décision",https://ror.org/01ksvm638,https://ror.org/033eqsk67,"Sciences, Normes, Démocratie",Successor,Production
37275,https://github.com/ror-community/ror-updates/issues/37275,"Add a new organization to ROR: Sciences,  Normes,  Décision","Sciences, Normes, Démocratie",https://ror.org/033eqsk67,https://ror.org/01ksvm638,"Sciences, Normes, Décision",Predecessor,Release
35811,https://github.com/ror-community/ror-updates/issues/35811,"Add a new organization to ROR: 
 
Canadian Mental Health Association",Canadian Mental Health Association Thames Valley Addiction and Mental Health Services,https://ror.org/03jz6ag68,https://ror.org/03af0nw04,Canadian Mental Health Association,Parent,Production
35811,https://github.com/ror-community/ror-updates/issues/35811,"Add a new organization to ROR: 
 
Canadian Mental Health Association",Canadian Mental Health Association,https://ror.org/03af0nw04,https://ror.org/03jz6ag68,Canadian Mental Health Association Thames Valley Addiction and Mental Health Services,Child,Release
37350,https://github.com/ror-community/ror-updates/issues/37350,Add a new organization to ROR: King Abdulaziz Hospital,King Abdulaziz Hospital,https://ror.org/05mvv1442,https://ror.org/03sbrg850,Jeddah First Health Cluster,Parent,Production
37350,https://github.com/ror-community/ror-updates/issues/37350,Add a new organization to ROR: King Abdulaziz Hospital,Jeddah First Health Cluster,https://ror.org/03sbrg850,https://ror.org/05mvv1442,King Abdulaziz Hospital,Child,Release
37369,https://github.com/ror-community/ror-updates/issues/37369,Add a new organization to ROR: Membranes et Cibles Thérapeutiques,Membranes et Cibles Thérapeutiques,https://ror.org/037d1ah04,https://ror.org/035xkbk20,Aix-Marseille Université,Parent,Production
37369,https://github.com/ror-community/ror-updates/issues/37369,Add a new organization to ROR: Membranes et Cibles Thérapeutiques,Aix-Marseille Université,https://ror.org/035xkbk20,https://ror.org/037d1ah04,Membranes et Cibles Thérapeutiques,Child,Release
37371,https://github.com/ror-community/ror-updates/issues/37371,"Add a new organization to ROR: Centre méditerranéen de sociologie, de science politique et d'histoire","Centre Méditerranéen de Sociologie, de Science Politique et d'Histoire",https://ror.org/00064jq14,https://ror.org/035xkbk20,Aix-Marseille Université,Parent,Production
37371,https://github.com/ror-community/ror-updates/issues/37371,"Add a new organization to ROR: Centre méditerranéen de sociologie, de science politique et d'histoire",Aix-Marseille Université,https://ror.org/035xkbk20,https://ror.org/00064jq14,"Centre Méditerranéen de Sociologie, de Science Politique et d'Histoire",Child,Release
37376,https://github.com/ror-community/ror-updates/issues/37376,Add a new organization to ROR: Vascular Research Center of Marseille*en,Vascular Research Center of Marseille,https://ror.org/000vhef32,https://ror.org/059jcps08,Centre de Recherche en CardioVasculaire et Nutrition,Successor,Release
37376,https://github.com/ror-community/ror-updates/issues/37376,Add a new organization to ROR: Vascular Research Center of Marseille*en,Centre de Recherche en CardioVasculaire et Nutrition,https://ror.org/059jcps08,https://ror.org/000vhef32,Vascular Research Center of Marseille,Predecessor,Release
37724,https://github.com/ror-community/ror-updates/issues/37724,Add a new organization to ROR: Nanjing New Generation Artificial Intelligence Research Institute,Nanjing New Generation Artificial Intelligence Research Institute (China),https://ror.org/02rf8nv05,https://ror.org/038dte259,China Academy of Information and Communications Technology,Parent,Production
37724,https://github.com/ror-community/ror-updates/issues/37724,Add a new organization to ROR: Nanjing New Generation Artificial Intelligence Research Institute,China Academy of Information and Communications Technology,https://ror.org/038dte259,https://ror.org/02rf8nv05,Nanjing New Generation Artificial Intelligence Research Institute (China),Child,Release
37736,https://github.com/ror-community/ror-updates/issues/37736,Add a new organization to ROR: China Nuclear Power Technology Research Institute,China Nuclear Power Technology Research Institute (China),https://ror.org/014fgm016,https://ror.org/00fpj7t66,China General Nuclear Power Corporation (China),Parent,Production
37736,https://github.com/ror-community/ror-updates/issues/37736,Add a new organization to ROR: China Nuclear Power Technology Research Institute,China General Nuclear Power Corporation (China),https://ror.org/00fpj7t66,https://ror.org/014fgm016,China Nuclear Power Technology Research Institute (China),Child,Release
37373,https://github.com/ror-community/ror-updates/issues/37373,Add a new organization to ROR: Mediterranean Primate Research Center,Mediterranean Primate Research Center,https://ror.org/02q2jth64,https://ror.org/02feahw73,Centre National de la Recherche Scientifique,Parent,Production
37373,https://github.com/ror-community/ror-updates/issues/37373,Add a new organization to ROR: Mediterranean Primate Research Center,Centre National de la Recherche Scientifique,https://ror.org/02feahw73,https://ror.org/02q2jth64,Mediterranean Primate Research Center,Child,Release
37375,https://github.com/ror-community/ror-updates/issues/37375,Add a new organization to ROR: Unité des Virus Emergents,Unité des Virus Emergents,https://ror.org/029fc9d45,https://ror.org/035xkbk20,Aix-Marseille Université,Parent,Production
37375,https://github.com/ror-community/ror-updates/issues/37375,Add a new organization to ROR: Unité des Virus Emergents,Aix-Marseille Université,https://ror.org/035xkbk20,https://ror.org/029fc9d45,Unité des Virus Emergents,Child,Release
37375,https://github.com/ror-community/ror-updates/issues/37375,Add a new organization to ROR: Unité des Virus Emergents,Unité des Virus Emergents,https://ror.org/029fc9d45,https://ror.org/0103yxp25,Service de Santé des Armées,Related,Production
37375,https://github.com/ror-community/ror-updates/issues/37375,Add a new organization to ROR: Unité des Virus Emergents,Service de Santé des Armées,https://ror.org/0103yxp25,https://ror.org/029fc9d45,Unité des Virus Emergents,Related,Release
37721,https://github.com/ror-community/ror-updates/issues/37721,"Add a new organization to ROR: CRRC Zhuzhou Institute Co., Ltd.",China Railway Rolling Stock Corporation Zhuzhou Institute (China),https://ror.org/0592f1d31,https://ror.org/033g21894,CRRC (China),Parent,Production
37721,https://github.com/ror-community/ror-updates/issues/37721,"Add a new organization to ROR: CRRC Zhuzhou Institute Co., Ltd.",CRRC (China),https://ror.org/033g21894,https://ror.org/0592f1d31,China Railway Rolling Stock Corporation Zhuzhou Institute (China),Child,Release
36792,https://github.com/ror-community/ror-updates/issues/36792,"Add a new organization to ROR: 
 
Procter and Gamble (Thailand)",Procter and Gamble (Thailand),https://ror.org/01k3v5g66,https://ror.org/04dkns738,Procter & Gamble (United States),Parent,Production
36792,https://github.com/ror-community/ror-updates/issues/36792,"Add a new organization to ROR: 
 
Procter and Gamble (Thailand)",Procter & Gamble (United States),https://ror.org/04dkns738,https://ror.org/01k3v5g66,Procter and Gamble (Thailand),Child,Release
36736,https://github.com/ror-community/ror-updates/issues/36736,"Add a new organization to ROR: 
 
Instituto Tecnológico Superior de Teziutlán",Instituto Tecnológico Superior de Teziutlán,https://ror.org/035c3rc79,https://ror.org/00davry38,Tecnológico Nacional de México,Parent,Production
36736,https://github.com/ror-community/ror-updates/issues/36736,"Add a new organization to ROR: 
 
Instituto Tecnológico Superior de Teziutlán",Tecnológico Nacional de México,https://ror.org/00davry38,https://ror.org/035c3rc79,Instituto Tecnológico Superior de Teziutlán,Child,Release
36443,https://github.com/ror-community/ror-updates/issues/36443,"Add a new organization to ROR: 
 
Universidad de Sotavento (Coatzacoalcos Campus)",Universidad de Sotavento Coatzacoalcos Campus,https://ror.org/00s38mz90,https://ror.org/057ngt219,Universidad de Sotavento,Parent,Production
36443,https://github.com/ror-community/ror-updates/issues/36443,"Add a new organization to ROR: 
 
Universidad de Sotavento (Coatzacoalcos Campus)",Universidad de Sotavento,https://ror.org/057ngt219,https://ror.org/00s38mz90,Universidad de Sotavento Coatzacoalcos Campus,Child,Release
33733,https://github.com/ror-community/ror-updates/issues/33733,Modify the information in an existing ROR record: Ministry of Defence - https://ror.org/03wejsv15,Ministry of Defence,https://ror.org/03wejsv15,https://ror.org/036h6g940,Government of India,Parent,Production
33733,https://github.com/ror-community/ror-updates/issues/33733,Modify the information in an existing ROR record: Ministry of Defence - https://ror.org/03wejsv15,Government of India,https://ror.org/036h6g940,https://ror.org/03wejsv15,Ministry of Defence,Child,Release
33707,https://github.com/ror-community/ror-updates/issues/33707,Modify the information in an existing ROR record: https://ror.org/03562fh87,Escola Superior de Enfermagem do Porto,https://ror.org/03562fh87,https://ror.org/043pwc612,Universidade do Porto,Parent,Production
33707,https://github.com/ror-community/ror-updates/issues/33707,Modify the information in an existing ROR record: https://ror.org/03562fh87,Universidade do Porto,https://ror.org/043pwc612,https://ror.org/03562fh87,Escola Superior de Enfermagem do Porto,Child,Release
33646,https://github.com/ror-community/ror-updates/issues/33646,"Modify the information in an existing ROR record: 
Université Claude Bernard Lyon 1 https://ror.org/029brtt94
",Université Claude Bernard Lyon 1,https://ror.org/029brtt94,https://ror.org/031xg0236,Virologie et Pathologies Humaines,Delete,Production
33646,https://github.com/ror-community/ror-updates/issues/33646,"Modify the information in an existing ROR record: 
Université Claude Bernard Lyon 1 https://ror.org/029brtt94
",Virologie et Pathologies Humaines,https://ror.org/031xg0236,https://ror.org/029brtt94,Université Claude Bernard Lyon 1,Delete,Release
33646,https://github.com/ror-community/ror-updates/issues/33646,"Modify the information in an existing ROR record: 
Université Claude Bernard Lyon 1 https://ror.org/029brtt94
",Université Claude Bernard Lyon 1,https://ror.org/029brtt94,https://ror.org/023xgd207,Hôpital Lyon Sud,Delete,Production
33646,https://github.com/ror-community/ror-updates/issues/33646,"Modify the information in an existing ROR record: 
Université Claude Bernard Lyon 1 https://ror.org/029brtt94
",Hôpital Lyon Sud,https://ror.org/023xgd207,https://ror.org/029brtt94,Université Claude Bernard Lyon 1,Delete,Release
33646,https://github.com/ror-community/ror-updates/issues/33646,"Modify the information in an existing ROR record: 
Université Claude Bernard Lyon 1 https://ror.org/029brtt94
",Université Claude Bernard Lyon 1,https://ror.org/029brtt94,https://ror.org/059fn5f50,Fédération de Recherche PhotoVoltaïque,Related,Production
33646,https://github.com/ror-community/ror-updates/issues/33646,"Modify the information in an existing ROR record: 
Université Claude Bernard Lyon 1 https://ror.org/029brtt94
",Fédération de Recherche PhotoVoltaïque,https://ror.org/059fn5f50,https://ror.org/029brtt94,Université Claude Bernard Lyon 1,Related,Release
33646,https://github.com/ror-community/ror-updates/issues/33646,"Modify the information in an existing ROR record: 
Université Claude Bernard Lyon 1 https://ror.org/029brtt94
",Université Claude Bernard Lyon 1,https://ror.org/029brtt94,https://ror.org/0459fdx51,Fédération de Recherche sur l'Energie Solaire,Related,Production
33646,https://github.com/ror-community/ror-updates/issues/33646,"Modify the information in an existing ROR record: 
Université Claude Bernard Lyon 1 https://ror.org/029brtt94
",Fédération de Recherche sur l'Energie Solaire,https://ror.org/0459fdx51,https://ror.org/029brtt94,Université Claude Bernard Lyon 1,Related,Release
33629,https://github.com/ror-community/ror-updates/issues/33629,"Modify the information in an existing ROR record: 
Center for Integrated Nanotechnologies https://ror.org/031yh0y38
",Center for Integrated Nanotechnologies,https://ror.org/031yh0y38,https://ror.org/01apwpt12,Sandia National Laboratories,Parent,Production
33629,https://github.com/ror-community/ror-updates/issues/33629,"Modify the information in an existing ROR record: 
Center for Integrated Nanotechnologies https://ror.org/031yh0y38
",Sandia National Laboratories,https://ror.org/01apwpt12,https://ror.org/031yh0y38,Center for Integrated Nanotechnologies,Child,Release
33590,https://github.com/ror-community/ror-updates/issues/33590,Modify the information in an existing ROR record: College of New Rochelle - https://ror.org/04erv1b58,College of New Rochelle,https://ror.org/04erv1b58,https://ror.org/02s99ck98,Mercy University,Successor,Production
33590,https://github.com/ror-community/ror-updates/issues/33590,Modify the information in an existing ROR record: College of New Rochelle - https://ror.org/04erv1b58,Mercy University,https://ror.org/02s99ck98,https://ror.org/04erv1b58,College of New Rochelle,Predecessor,Release
34018,https://github.com/ror-community/ror-updates/issues/34018,"Modify the information in an existing ROR record: 
Burke Museum of Natural History and Culture https://ror.org/015ypce77
",Burke Museum of Natural History and Culture,https://ror.org/015ypce77,https://ror.org/00cvxb145,University of Washington,Parent,Production
34018,https://github.com/ror-community/ror-updates/issues/34018,"Modify the information in an existing ROR record: 
Burke Museum of Natural History and Culture https://ror.org/015ypce77
",University of Washington,https://ror.org/00cvxb145,https://ror.org/015ypce77,Burke Museum of Natural History and Culture,Child,Release
33829,https://github.com/ror-community/ror-updates/issues/33829,"Modify the information in an existing ROR record: 
ILCEA4 https://ror.org/02bxdh068
",ILCEA4,https://ror.org/02bxdh068,https://ror.org/02rx3b187,Université Grenoble Alpes,Parent,Production
33829,https://github.com/ror-community/ror-updates/issues/33829,"Modify the information in an existing ROR record: 
ILCEA4 https://ror.org/02bxdh068
",Université Grenoble Alpes,https://ror.org/02rx3b187,https://ror.org/02bxdh068,ILCEA4,Child,Release
37901,https://github.com/ror-community/ror-updates/issues/37901,"Add a new organization to ROR: 
 
Food Industry Promotion Agency of Korea",Korea National Food Cluster,https://ror.org/036c30946,https://ror.org/009g8rq41,"Ministry of Agriculture, Food and Rural Affairs",Parent,Production
37901,https://github.com/ror-community/ror-updates/issues/37901,"Add a new organization to ROR: 
 
Food Industry Promotion Agency of Korea","Ministry of Agriculture, Food and Rural Affairs",https://ror.org/009g8rq41,https://ror.org/036c30946,Korea National Food Cluster,Child,Release
37751,https://github.com/ror-community/ror-updates/issues/37751,"Add a new organization to ROR: Institut Interuniversitaire des Silicates, Sols et Matériaux","Institut Interuniversitaire des Silicates, Sols et Matériaux",https://ror.org/026sfks30,https://ror.org/02x4mx473,Belgian Ceramic Research Centre,Parent,Production
37751,https://github.com/ror-community/ror-updates/issues/37751,"Add a new organization to ROR: Institut Interuniversitaire des Silicates, Sols et Matériaux",Belgian Ceramic Research Centre,https://ror.org/02x4mx473,https://ror.org/026sfks30,"Institut Interuniversitaire des Silicates, Sols et Matériaux",Child,Release
37759,https://github.com/ror-community/ror-updates/issues/37759,Add a new organization to ROR: Harbin Electric Power Generation Equipment National Engineering Research Center,Harbin Electric Power Generation Equipment National Engineering Research Center,https://ror.org/00f8fkq11,https://ror.org/0394wsn58,Harbin Electric Corporation (China),Parent,Production
37759,https://github.com/ror-community/ror-updates/issues/37759,Add a new organization to ROR: Harbin Electric Power Generation Equipment National Engineering Research Center,Harbin Electric Corporation (China),https://ror.org/0394wsn58,https://ror.org/00f8fkq11,Harbin Electric Power Generation Equipment National Engineering Research Center,Child,Release
37293,https://github.com/ror-community/ror-updates/issues/37293,Add a new organization to ROR: Biologie et Thérapeutique des Pathologies Immunitaires,Laboratoire de Biologie et Thérapeutique des Pathologies Immunitaires,https://ror.org/05wa6kx94,https://ror.org/05dbe0t82,Immunologie - Immunopathologie - Immunothérapie,Successor,Production
37293,https://github.com/ror-community/ror-updates/issues/37293,Add a new organization to ROR: Biologie et Thérapeutique des Pathologies Immunitaires,Immunologie - Immunopathologie - Immunothérapie,https://ror.org/05dbe0t82,https://ror.org/05wa6kx94,Laboratoire de Biologie et Thérapeutique des Pathologies Immunitaires,Predecessor,Release
37984,https://github.com/ror-community/ror-updates/issues/37984,"Add a new organization to ROR: 
 
Canadian Integrated Ocean Observing System, Atlantic Region","Canadian Integrated Ocean Observing System, Atlantic Region",https://ror.org/02mtnv980,https://ror.org/0390v9245,Canadian Integrated Ocean Observing System,Parent,Production
37984,https://github.com/ror-community/ror-updates/issues/37984,"Add a new organization to ROR: 
 
Canadian Integrated Ocean Observing System, Atlantic Region",Canadian Integrated Ocean Observing System,https://ror.org/0390v9245,https://ror.org/02mtnv980,"Canadian Integrated Ocean Observing System, Atlantic Region",Child,Release
