html_url,id,names.types.ror_display,status,types,names.types.alias,names.types.label,names.types.acronym,links.type.website,links.type.wikipedia,domains,established,external_ids.type.fundref.all,external_ids.type.fundref.preferred,external_ids.type.grid.all,external_ids.type.grid.preferred,external_ids.type.isni.all,external_ids.type.isni.preferred,external_ids.type.wikidata.all,external_ids.type.wikidata.preferred,city,country,locations.geonames_id
https://github.com/ror-community/ror-updates/issues/36390,https://ror.org/03nqvpf75,,,,add==UMR104;UMR 104,,,,,,,,,,,,,,,,,
https://github.com/ror-community/ror-updates/issues/36390,https://ror.org/04kadgz77,,,,add==UMR125;UMR 125,,,,,,,,,,,,,,,,,
https://github.com/ror-community/ror-updates/issues/36390,https://ror.org/03c2k2909,,,,add==UMR6634;UMR 6634,,,,,,,,,,,,,,,,,
https://github.com/ror-community/ror-updates/issues/36390,https://ror.org/03n3yg876,,,,add==UMR7538;UMR 7538,,,,,,,,,,,,,,,,,
https://github.com/ror-community/ror-updates/issues/36390,https://ror.org/03czns913,,,,add==UMR7639;UMR 7639,,,,,,,,,,,,,,,,,
https://github.com/ror-community/ror-updates/issues/36390,https://ror.org/000p29f53,,,,add==UMR7645,,,,,,,,,,,,,,,,,
https://github.com/ror-community/ror-updates/issues/36390,https://ror.org/046hjmc37,,,,add==UMR8501;UMR 8501,,,,,,,,,,,,,,,,,
https://github.com/ror-community/ror-updates/issues/36390,https://ror.org/02dyaew97,,,,add==UMR8502;UMR 8502,,,,,,,,,,,,,,,,,
https://github.com/ror-community/ror-updates/issues/36390,https://ror.org/04e89s906,,,,add==UMR8523;UMR 8523,,,,,,,,,,,,,,,,,
https://github.com/ror-community/ror-updates/issues/36390,https://ror.org/01h14ww21,,,,add==UMR8552;UMR 8552,,,,,,,,,,,,,,,,,
https://github.com/ror-community/ror-updates/issues/36390,https://ror.org/01wrng808,,,,add==UMR8635,,,,,,,,,,,,,,,,,
https://github.com/ror-community/ror-updates/issues/36390,https://ror.org/00w5ay796,,,,add==UMR5672,,,,,,,,,,,,,,,,,
https://github.com/ror-community/ror-updates/issues/36390,https://ror.org/017je3b10,,,,add==UMR7036;UMR 7036,,,,,,,,,,,,,,,,,
https://github.com/ror-community/ror-updates/issues/36390,https://ror.org/01ydb3330,,,,add==UR1;UR 1,,,,,,,,,,,,,,,,,
https://github.com/ror-community/ror-updates/issues/36390,https://ror.org/02ftce284,,,,add==UMR5221,,,,,,,,,,,,,,,,,
https://github.com/ror-community/ror-updates/issues/36390,https://ror.org/03e044190,,,,add==UMR8191;UMR 8191,,,,,,,,,,,,,,,,,
https://github.com/ror-community/ror-updates/issues/36390,https://ror.org/045ktmd28,,,,add==UPR3228;UPR 3228,,,,,,,,,,,,,,,,,
https://github.com/ror-community/ror-updates/issues/36390,https://ror.org/0550dmh35,,,,add==UMR7325;UMR 7325,,,,,,,,,,,,,,,,,
https://github.com/ror-community/ror-updates/issues/36390,https://ror.org/055ymkj32,,,,add==UMR7333;UMR 7333,,,,,,,,,,,,,,,,,
https://github.com/ror-community/ror-updates/issues/36390,https://ror.org/0238zyh04,,,,add==UMR7334;UMR 7334,,,,,,,,,,,,,,,,,
https://github.com/ror-community/ror-updates/issues/36390,https://ror.org/008h1f725,,,,add==UMR7374;UMR 7374,,,,,,,,,,,,,,,,,
https://github.com/ror-community/ror-updates/issues/36390,https://ror.org/01ghvgs84,,,,add==UMR8237;UMR 8237,,,,,,,,,,,,,,,,,
https://github.com/ror-community/ror-updates/issues/36390,https://ror.org/042cesy50,,,,add==UMR7010;UMR 7010,,,,,,,,,,,,,,,,,
https://github.com/ror-community/ror-updates/issues/36390,https://ror.org/027defw95,,,,add==UAR2205;UAR 2205,,,,,,,,,,,,,,,,,
https://github.com/ror-community/ror-updates/issues/36390,https://ror.org/027jrtw17,,,,add==IRL3654;IRL 3654,,,,,,,,,,,,,,,,,
https://github.com/ror-community/ror-updates/issues/36390,https://ror.org/044mrv955,,,,add==UAR820;UAR 820,,,,,,,,,,,,,,,,,
https://github.com/ror-community/ror-updates/issues/36390,https://ror.org/021xexe56,,,,add==UMR9025;UMR 9025,,,,,,,,,,,,,,,,,
https://github.com/ror-community/ror-updates/issues/36390,https://ror.org/03y8mpv07,,,,add==UMR7073;UMR 7073,,,,,,,,,,,,,,,,,
https://github.com/ror-community/ror-updates/issues/36390,https://ror.org/03f0apy98,,,,add==UMR5821;UMR 5821,,,,,,,,,,,,,,,,,
https://github.com/ror-community/ror-updates/issues/36390,https://ror.org/01kxesq83,,,,add==UMR6457;UMR 6457,,,,,,,,,,,,,,,,,
https://github.com/ror-community/ror-updates/issues/36390,https://ror.org/0214k6v65,,,,add==UMR6533;UMR 6533,,,,,,,,,,,,,,,,,
https://github.com/ror-community/ror-updates/issues/36390,https://ror.org/022txr781,,,,add==UMR6534;UMR 6534,,,,,,,,,,,,,,,,,
https://github.com/ror-community/ror-updates/issues/36390,https://ror.org/058t6p923,,,,add==UMR7638,,,,,,,,,,,,,,,,,
https://github.com/ror-community/ror-updates/issues/36390,https://ror.org/04dcc3438,,,,add==UAR6402;UAR 6402,,,,,,,,,,,,,,,,,
https://github.com/ror-community/ror-updates/issues/36390,https://ror.org/042dc0x18,,,,add==UAR3266;UAR 3266,,,,,,,,,,,,,,,,,
https://github.com/ror-community/ror-updates/issues/36390,https://ror.org/00tf8ca96,,,,add==UAR6425;UAR 6425,,,,,,,,,,,,,,,,,
https://github.com/ror-community/ror-updates/issues/36390,https://ror.org/01mbkbh33,,,,add==UAR3605,,,,,,,,,,,,,,,,,
https://github.com/ror-community/ror-updates/issues/36390,https://ror.org/00w1qvp54,,,,add==UAR2034;UAR 2034,,,,,,,,,,,,,,,,,
https://github.com/ror-community/ror-updates/issues/36390,https://ror.org/03rtw5049,,,,add==UMR6523;UMR 6523,,,,,,,,,,,,,,,,,
https://github.com/ror-community/ror-updates/issues/36390,https://ror.org/007dbrz84,,,,add==UMR6538;UMR 6538,,,,,,,,,,,,,,,,,
https://github.com/ror-community/ror-updates/issues/36390,https://ror.org/0229z0679,,,,add==UMR7619;UMR 7619,,,,,,,,,,,,,,,,,
https://github.com/ror-community/ror-updates/issues/36390,https://ror.org/05vg9cw43,,,,add==UMR8538;UMR 8538,,,,,,,,,,,,,,,,,
https://github.com/ror-community/ror-updates/issues/36390,https://ror.org/014p8mr66,,,,add==UMR8617;UMR 8617,,,,,,,,,,,,,,,,,
https://github.com/ror-community/ror-updates/issues/36390,https://ror.org/01jt5ms28,,,,add==UMR5110;UMR 5110,,,,,,,,,,,,,,,,,
https://github.com/ror-community/ror-updates/issues/36390,https://ror.org/05k1a6w82,,,,add==UMR6143;UMR 6143,,,,,,,,,,,,,,,,,
https://github.com/ror-community/ror-updates/issues/36390,https://ror.org/03s92mv58,,,,add==UMR8148,,,,,,,,,,,,,,,,,
https://github.com/ror-community/ror-updates/issues/36390,https://ror.org/024gts110,,,,add==UMR5243;UMR 5243,,,,,,,,,,,,,,,,,
https://github.com/ror-community/ror-updates/issues/36390,https://ror.org/01cf2sz15,,,,add==UMR5275;UMR 5275,,,,,,,,,,,,,,,,,
https://github.com/ror-community/ror-updates/issues/36390,https://ror.org/02h0g9r59,,,,add==UMR6213;UMR 6213,,,,,,,,,,,,,,,,,
https://github.com/ror-community/ror-updates/issues/36390,https://ror.org/00xagyq07,,,,add==UMR7193;UMR 7193,,,,,,,,,,,,,,,,,
https://github.com/ror-community/ror-updates/issues/36390,https://ror.org/05ppf7q77,,,,add==UMR8190,,,,,,,,,,,,,,,,,
https://github.com/ror-community/ror-updates/issues/36390,https://ror.org/05t8ct211,,,,add==UMR5318;UMR 5318,,,,,,,,,,,,,,,,,
https://github.com/ror-community/ror-updates/issues/36390,https://ror.org/05258q350,,,,add==UMR7294;UMR 7294,,,,,,,,,,,,,,,,,
https://github.com/ror-community/ror-updates/issues/36390,https://ror.org/01pa4h393,,,,add==UMR7330;UMR 7330,,,,,,,,,,,,,,,,,
https://github.com/ror-community/ror-updates/issues/36390,https://ror.org/011nqat45,,,,add==UMR7358,,,,,,,,,,,,,,,,,
https://github.com/ror-community/ror-updates/issues/36390,https://ror.org/04mq2px33,,,,add==UMR7359;UMR 7359,,,,,,,,,,,,,,,,,
https://github.com/ror-community/ror-updates/issues/36390,https://ror.org/05je79696,,,,add==UMR7360;UMR 7360,,,,,,,,,,,,,,,,,
https://github.com/ror-community/ror-updates/issues/36390,https://ror.org/00aycez97,,,,add==UMR5151;UMR 5151,,,,,,,,,,,,,,,,,
https://github.com/ror-community/ror-updates/issues/36390,https://ror.org/05jm22562,,,,add==UAR2074;UAR 2074;UMR5607;UMR 5607,,,,,,,,,,,,,,,,,
https://github.com/ror-community/ror-updates/issues/36390,https://ror.org/02qdgbw61,,,,add==UAR2859;UAR 2859,,,,,,,,,,,,,,,,,
https://github.com/ror-community/ror-updates/issues/36390,https://ror.org/04bzgtz06,,,,add==IRL3376;IRL 3376,,,,,,,,,,,,,,,,,
https://github.com/ror-community/ror-updates/issues/36390,https://ror.org/02tp7mm44,,,,add==UAR3278;UAR 3278,,,,,,,,,,,,,,,,,
https://github.com/ror-community/ror-updates/issues/36390,https://ror.org/005ksrc76,,,,add==UAR2567,,,,,,,,,,,,,,,,,
https://github.com/ror-community/ror-updates/issues/36390,https://ror.org/0518tra10,,,,add==UAR2013;UAR 2013,,,,,,,,,,,,,,,,,
https://github.com/ror-community/ror-updates/issues/36390,https://ror.org/013z99a51,,,,add==UAR2877;UAR 2877,,,,,,,,,,,,,,,,,
https://github.com/ror-community/ror-updates/issues/36390,https://ror.org/04wbg2z51,,,,add==UAR3462;UAR 3462,,,,,,,,,,,,,,,,,
https://github.com/ror-community/ror-updates/issues/36390,https://ror.org/03r5d5c48,,,,add==UAR3470,,,,,,,,,,,,,,,,,
https://github.com/ror-community/ror-updates/issues/36390,https://ror.org/05gscwg02,,,,add==UAR3538;UAR 3538,,,,,,,,,,,,,,,,,
https://github.com/ror-community/ror-updates/issues/36390,https://ror.org/03hgsyv65,,,,add==UMR8255;UMR 8255,,,,,,,,,,,,,,,,,
https://github.com/ror-community/ror-updates/issues/36390,https://ror.org/00cpdar66,,,,add==UMR8262,,,,,,,,,,,,,,,,,
https://github.com/ror-community/ror-updates/issues/36390,https://ror.org/02haar591,,,,add==UAR636;UAR 636,,,,,,,,,,,,,,,,,
https://github.com/ror-community/ror-updates/issues/36390,https://ror.org/00cqpd580,,,,add==UMR6502;UMR 6502,,,,,,,,,,,,,,,,,
https://github.com/ror-community/ror-updates/issues/36390,https://ror.org/04310tc15,,,,add==UMR6508;UMR 6508,,,,,,,,,,,,,,,,,
https://github.com/ror-community/ror-updates/issues/36390,https://ror.org/03r7eh527,,,,add==UMR8531;UMR 8531,,,,,,,,,,,,,,,,,
https://github.com/ror-community/ror-updates/issues/36390,https://ror.org/02mnw9q71,,,,add==UMR8612;UMR 8612,,,,,,,,,,,,,,,,,
https://github.com/ror-community/ror-updates/issues/36390,https://ror.org/039yyx623,,,,add==UMR6200;UMR 6200,,,,,,,,,,,,,,,,,
https://github.com/ror-community/ror-updates/issues/36390,https://ror.org/007sc9r91,,,,add==UMR7167;UMR 7167,,,,,,,,,,,,,,,,,
https://github.com/ror-community/ror-updates/issues/36390,https://ror.org/00m7zca23,,,,add==UMR5266;UMR 5266,,,,,,,,,,,,,,,,,
https://github.com/ror-community/ror-updates/issues/36390,https://ror.org/04axb9j69,,,,add==UMR5279;UMR 5279,,,,,,,,,,,,,,,,,
https://github.com/ror-community/ror-updates/issues/36390,https://ror.org/04hd6wf14,,,,add==UMR6270;UMR 6270,,,,,,,,,,,,,,,,,
https://github.com/ror-community/ror-updates/issues/36390,https://ror.org/05k1smh27,,,,add==UMR7198;UMR 7198,,,,,,,,,,,,,,,,,
https://github.com/ror-community/ror-updates/issues/36390,https://ror.org/05mzd8v39,,,,add==UMR8180,,,,,,,,,,,,,,,,,
https://github.com/ror-community/ror-updates/issues/36390,https://ror.org/02zs48f23,,,,add==UPR3079,,,,,,,,,,,,,,,,,
https://github.com/ror-community/ror-updates/issues/36390,https://ror.org/03cjyj977,,,,add==UMR3523;UMR 3523,,,,,,,,,,,,,,,,,
https://github.com/ror-community/ror-updates/issues/36390,https://ror.org/03a9gd656,,,,add==UMR6283;UMR 6283,,,,,,,,,,,,,,,,,
https://github.com/ror-community/ror-updates/issues/36390,https://ror.org/045qszf23,,,,add==UMR6296;UMR 6296,,,,,,,,,,,,,,,,,
https://github.com/ror-community/ror-updates/issues/36390,https://ror.org/011ygpb73,,,,add==UMR6302;UMR 6302,,,,,,,,,,,,,,,,,
https://github.com/ror-community/ror-updates/issues/36390,https://ror.org/00m587853,,,,add==UMR7246;UMR 7246,,,,,,,,,,,,,,,,,
https://github.com/ror-community/ror-updates/issues/36390,https://ror.org/000pvc513,,,,add==UMR7272;UMR 7272,,,,,,,,,,,,,,,,,
https://github.com/ror-community/ror-updates/issues/36390,https://ror.org/000d5zy28,,,,add==UMR7273;UMR 7273,,,,,,,,,,,,,,,,,
https://github.com/ror-community/ror-updates/issues/36390,https://ror.org/001n7ee52,,,,add==UMR7285;UMR 7285,,,,,,,,,,,,,,,,,
https://github.com/ror-community/ror-updates/issues/36390,https://ror.org/03c0nx407,,,,add==UMR7312;UMR 7312,,,,,,,,,,,,,,,,,
https://github.com/ror-community/ror-updates/issues/36390,https://ror.org/04bgzse17,,,,add==UMR8231;UMR 8231,,,,,,,,,,,,,,,,,
https://github.com/ror-community/ror-updates/issues/36390,https://ror.org/03s877y45,,,,add==UMR8260;UMR 8260,,,,,,,,,,,,,,,,,
https://github.com/ror-community/ror-updates/issues/36390,https://ror.org/02w2x8s90,,,,add==UMR9168,,,,,,,,,,,,,,,,,
https://github.com/ror-community/ror-updates/issues/36390,https://ror.org/055nbmz93,,,,add==UMR6021;UMR 6021,,,,,,,,,,,,,,,,,
https://github.com/ror-community/ror-updates/issues/36390,https://ror.org/02atkd403,,,,add==UMR7019,,,,,,,,,,,,,,,,,
https://github.com/ror-community/ror-updates/issues/36390,https://ror.org/020azc393,,,,add==UMR7053;UMR 7053,,,,,,,,,,,,,,,,,
https://github.com/ror-community/ror-updates/issues/36390,https://ror.org/052jxdr90,,,,add==UMR9006,,,,,,,,,,,,,,,,,
https://github.com/ror-community/ror-updates/issues/36390,https://ror.org/04v668f18,,,,add==UMR8004;UMR 8004,,,,,,,,,,,,,,,,,
https://github.com/ror-community/ror-updates/issues/36390,https://ror.org/04g26vc28,,,,add==UAR2607;UAR 2607,,,,,,,,,,,,,,,,,
https://github.com/ror-community/ror-updates/issues/36390,https://ror.org/03qt6f440,,,,add==IRL3629;IRL 3629,,,,,,,,,,,,,,,,,replace==2110681
https://github.com/ror-community/ror-updates/issues/36390,https://ror.org/01qgrh175,,,,add==UAR2206,,,,,,,,,,,,,,,,,
https://github.com/ror-community/ror-updates/issues/36390,https://ror.org/050x42563,,,,add==UAR2590;UAR 2590,,,,,,,,,,,,,,,,,
https://github.com/ror-community/ror-updates/issues/36390,https://ror.org/04fsxy317,,,,add==UAR2025;UAR 2025,,,,,,,,,,,,,,,,,
https://github.com/ror-community/ror-updates/issues/36390,https://ror.org/00b4q1853,,,,add==UAR3208;UAR 3208,,,,,,,,,,,,,,,,,
https://github.com/ror-community/ror-updates/issues/36390,https://ror.org/01h2qr957,,,,add==UAR3506;UAR 3506,,,,,,,,,,,,,,,,,
https://github.com/ror-community/ror-updates/issues/36390,https://ror.org/02fpe6x37,,,,add==UAR2041;UAR 2041,,,,,,,,,,,,,,,,,
https://github.com/ror-community/ror-updates/issues/36390,https://ror.org/00mqc8k54,,,,add==UAR2482;UAR 2482,,,,,,,,,,,,,,,,,
https://github.com/ror-community/ror-updates/issues/36390,https://ror.org/04kjehf08,,,,add==UMR8196,,,,,,,,,,,,,,,,,
https://github.com/ror-community/ror-updates/issues/36390,https://ror.org/05ebxsr90,,,,add==UMR8228,,,,,,,,,,,,,,,,,
https://github.com/ror-community/ror-updates/issues/36390,https://ror.org/03q7p3t30,,,,add==UMR6507;UMR 6507,,,,,,,,,,,,,,,,,
https://github.com/ror-community/ror-updates/issues/36390,https://ror.org/048k52v18,,,,add==UAR2638;UAR 2638,,,,,,,,,,,,,,,,,
https://github.com/ror-community/ror-updates/issues/36390,https://ror.org/05fvhm231,,,,add==UMR8554;UMR 8554,,,,,,,,,,,,,,,,,
https://github.com/ror-community/ror-updates/issues/36390,https://ror.org/02g6y2720,,,,add==UMR8576;UMR 8576,,,,,,,,,,,,,,,,,
https://github.com/ror-community/ror-updates/issues/36390,https://ror.org/05r332y60,,,,add==UMR5004;UMR 5004,,,,,,,,,,,,,,,,,
https://github.com/ror-community/ror-updates/issues/36390,https://ror.org/038207k30,,,,add==UMR5096;UMR 5096,,,,,,,,,,,,,,,,,
https://github.com/ror-community/ror-updates/issues/36390,https://ror.org/01t4k8953,,,,add==UMR6024,,,,,,,,,,,,,,,,,
https://github.com/ror-community/ror-updates/issues/36390,https://ror.org/02gwt2810,,,,add==UMR2594;UMR 2594,,,,,,,,,,,,,,,,,
https://github.com/ror-community/ror-updates/issues/36390,https://ror.org/03njrcx45,,,,add==UMR8113;UMR 8113,,,,,,,,,,,,,,,,,
https://github.com/ror-community/ror-updates/issues/36390,https://ror.org/01xpc6869,,,,add==UMR5237,,,,,,,,,,,,,,,,,
https://github.com/ror-community/ror-updates/issues/36390,https://ror.org/01bj4fd12,,,,add==UMR5239,,,,,,,,,,,,,,,,,
https://github.com/ror-community/ror-updates/issues/36390,https://ror.org/000zhpw23,,,,add==UMR7210;UMR 7210,,,,,,,,,,,,,,,,,
https://github.com/ror-community/ror-updates/issues/36390,https://ror.org/050gn5214,,,,add==UMR7225;UMR 7225,,,,,,,,,,,,,,,,,
https://github.com/ror-community/ror-updates/issues/36390,https://ror.org/03wg93s13,,,,add==UMR7232;UMR 7232,,,,,,,,,,,,,,,,,
https://github.com/ror-community/ror-updates/issues/36390,https://ror.org/009b91528,,,,add==UMR3528;UMR 3528,,,,,,,,,,,,,,,,,
https://github.com/ror-community/ror-updates/issues/36390,https://ror.org/027atwb90,,,,add==UMR3571;UMR 3571,,,,,,,,,,,,,,,,,
https://github.com/ror-community/ror-updates/issues/36390,https://ror.org/02af93v77,,,,add==UMR3738;UMR 3738,,,,,,,,,,,,,,,,,
https://github.com/ror-community/ror-updates/issues/36390,https://ror.org/05kwbf598,,,,add==UMR5309;UMR 5309,,,,,,,,,,,,,,,,,
https://github.com/ror-community/ror-updates/issues/36390,https://ror.org/05ef4v550,,,,add==UMR6286;UMR 6286,,,,,,,,,,,,,,,,,
https://github.com/ror-community/ror-updates/issues/36390,https://ror.org/02c6p9834,,,,add==UMR7247;UMR 7247,,,,,,,,,,,,,,,,,
https://github.com/ror-community/ror-updates/issues/36390,https://ror.org/0494jpz02,,,,add==UMR7258;UMR 7258,,,,,,,,,,,,,,,,,
https://github.com/ror-community/ror-updates/issues/36390,https://ror.org/005yfhm28,,,,add==UMR7265;UMR 7265,,,,,,,,,,,,,,,,,
https://github.com/ror-community/ror-updates/issues/36390,https://ror.org/05k4ema52,,,,add==UMR7275;UMR 7275,,,,,,,,,,,,,,,,,
https://github.com/ror-community/ror-updates/issues/36390,https://ror.org/02zh2vx86,,,,add==UMR7276;UMR 7276,,,,,,,,,,,,,,,,,
https://github.com/ror-community/ror-updates/issues/36390,https://ror.org/03vyjkj45,,,,add==UMR7280;UMR 7280,,,,,,,,,,,,,,,,,
https://github.com/ror-community/ror-updates/issues/36390,https://ror.org/0060xzr04,,,,add==UMR7281;UMR 7281,,,,,,,,,,,,,,,,,
https://github.com/ror-community/ror-updates/issues/36390,https://ror.org/057zme681,,,,add==UMR7283;UMR 7283,,,,,,,,,,,,,,,,,
https://github.com/ror-community/ror-updates/issues/36390,https://ror.org/01td3kv81,,,,add==UMR7284;UMR 7284,,,,,,,,,,,,,,,,,
https://github.com/ror-community/ror-updates/issues/36390,https://ror.org/043hw6336,,,,add==UMR7289;UMR 7289,,,,,,,,,,,,,,,,,
https://github.com/ror-community/ror-updates/issues/36390,https://ror.org/02me5cy06,,,,add==UMR7288;UMR 7288,,,,,,,,,,,,,,,,,
https://github.com/ror-community/ror-updates/issues/36390,https://ror.org/01sdp1y98,,,,add==UMR7295;UMR 7295,,,,,,,,,,,,,,,,,
https://github.com/ror-community/ror-updates/issues/36390,https://ror.org/017p6sq53,,,,add==UMR7369;UMR 7369,,,,,,,,,,,,,,,,,
https://github.com/ror-community/ror-updates/issues/36390,https://ror.org/03padqz24,,,,add==UMR8249;UMR 8249,,,,,,,,,,,,,,,,,
https://github.com/ror-community/ror-updates/issues/36390,https://ror.org/030za3c40,,,,add==UMR8248;UMR 8248,,,,,,,,,,,,,,,,,
https://github.com/ror-community/ror-updates/issues/36390,https://ror.org/003sscq03,,,,add==UMR9214;UMR 9214,,,,,,,,,,,,,,,,,
https://github.com/ror-community/ror-updates/issues/36390,https://ror.org/03hqv2x85,,,,add==UMR6015;UMR 6015,,,,,,,,,,,,,,,,,
https://github.com/ror-community/ror-updates/issues/36390,https://ror.org/036eg1q44,,,,add==UMR9004;UMR 9004,,,,,,,,,,,,,,,,,
https://github.com/ror-community/ror-updates/issues/36390,https://ror.org/056mmjd70,,,,add==UMR9005;UMR 9005,,,,,,,,,,,,,,,,,
https://github.com/ror-community/ror-updates/issues/36390,https://ror.org/001tmq304,,,,add==UMR7025;UMR 7025,,,,,,,,,,,,,,,,,
https://github.com/ror-community/ror-updates/issues/36390,https://ror.org/00w2q5j98,,,,add==UMR7051;UMR 7051,,,,,,,,,,,,,,,,,
https://github.com/ror-community/ror-updates/issues/36390,https://ror.org/04b9vs620,,,,add==UMR6030;UMR 6030,,,,,,,,,,,,,,,,,
https://github.com/ror-community/ror-updates/issues/36390,https://ror.org/05bgatk16,,,,add==UMR9019,,,,,,,,,,,,,,,,,
https://github.com/ror-community/ror-updates/issues/36390,https://ror.org/045ye0b30,,,,add==UMR9018,,,,,,,,,,,,,,,,,
https://github.com/ror-community/ror-updates/issues/36390,https://ror.org/00dyt5s15,,,,add==UMR9017;UMR 9017,,,,,,,,,,,,,,,,,
https://github.com/ror-community/ror-updates/issues/36390,https://ror.org/05x9zmx47,,,,add==UMR9020;UMR 9020,,,,,,,,,,,,,,,,,
https://github.com/ror-community/ror-updates/issues/36390,https://ror.org/00n90tt57,,,,add==UMR5051;UMR 5051,,,,,,,,,,,,,,,,,
https://github.com/ror-community/ror-updates/issues/36390,https://ror.org/01f5c5978,,,,add==UAR3725;UAR 3725,,,,,,,,,,,,,,,,,
https://github.com/ror-community/ror-updates/issues/36390,https://ror.org/04x7ec535,,,,add==UAR3426;UAR 3426,,,,,,,,,,,,,,,,,
https://github.com/ror-community/ror-updates/issues/36390,https://ror.org/030vwjb30,,,,add==UAR3656;UAR 3656,,,,,,,,,,,,,,,,,
https://github.com/ror-community/ror-updates/issues/36390,https://ror.org/03949e763,,,,add==UAR3518;UAR 3518,,,,,,,,,,,,,,,,,
https://github.com/ror-community/ror-updates/issues/36390,https://ror.org/05dh21g53,,,,add==UAR3453;UAR 3453,,,,,,,,,,,,,,,,,
https://github.com/ror-community/ror-updates/issues/36390,https://ror.org/03vyv3y87,,,,add==UAR2019;UAR 2019,,,,,,,,,,,,,,,,,
https://github.com/ror-community/ror-updates/issues/36390,https://ror.org/0073twa91,,,,add==IRL2615;IRL 2615,,,,,,,,,,,,,,,,,
https://github.com/ror-community/ror-updates/issues/36390,https://ror.org/048qkq105,,,,add==IRL2842;IRL 2842,,,,,,,,,,,,,,,,,
https://github.com/ror-community/ror-updates/issues/36390,https://ror.org/00m3mb357,,,,add==IRL2955;IRL 2955,,,,,,,,,,,,,,,,,
https://github.com/ror-community/ror-updates/issues/36390,https://ror.org/003412r28,,,,add==UMR5071;UMR 5071,,,,,,,,,,,,,,,,,
https://github.com/ror-community/ror-updates/issues/36390,https://ror.org/04r5nwv94,,,,add==UAR3556;UAR 3556,,,,,,,,,,,,,,,,,
https://github.com/ror-community/ror-updates/issues/36390,https://ror.org/04kbqb151,,,,add==UAR2015;UAR 2015,,,,,,,,,,,,,,,,,
https://github.com/ror-community/ror-updates/issues/36390,https://ror.org/05jekdj60,,,,add==UAR2016;UAR 2016,,,,,,,,,,,,,,,,,
https://github.com/ror-community/ror-updates/issues/36390,https://ror.org/04zeq1c51,,,,add==UAR3408;UAR 3408,,,,,,,,,,,,,,,,,
https://github.com/ror-community/ror-updates/issues/36390,https://ror.org/00qe5nz43,,,,add==UAR 3427,,,,,,,,,,,,,,,,,
https://github.com/ror-community/ror-updates/issues/36390,https://ror.org/05r25mc45,,,,add==UAR 3767,,,,,,,,,,,,,,,,,
https://github.com/ror-community/ror-updates/issues/36390,https://ror.org/01pjhvt09,,,,add==UAR2010;UAR 2010,,,,,,,,,,,,,,,,,
https://github.com/ror-community/ror-updates/issues/36390,https://ror.org/056hav897,,,,add==UAR2014;UAR 2014,,,,,,,,,,,,,,,,,
https://github.com/ror-community/ror-updates/issues/36390,https://ror.org/052pqt102,,,,add==UAR3286;UAR 3286,,,,,,,,,,,,,,,,,
https://github.com/ror-community/ror-updates/issues/36390,https://ror.org/04ved1v49,,,,add==UAR3332;UAR 3332,,,,,,,,,,,,,,,,,
https://github.com/ror-community/ror-updates/issues/36390,https://ror.org/034bena10,,,,add==UAR3367;UAR 3367,,,,,,,,,,,,,,,,,
https://github.com/ror-community/ror-updates/issues/36390,https://ror.org/026fpwg41,,,,add==UAR3415,,,,,,,,,,,,,,,,,
https://github.com/ror-community/ror-updates/issues/36390,https://ror.org/045f7pv37,,,,add==UAR3601,,,,,,,,,,,,,,,,,
https://github.com/ror-community/ror-updates/issues/36390,https://ror.org/05k267t15,,,,add==UAR3628;UAR 3628,,,,,,,,,,,,,,,,,
https://github.com/ror-community/ror-updates/issues/36390,https://ror.org/01zprwd36,,,,add==UAR2031;UAR 2031,,,,,,,,,,,,,,,,,
https://github.com/ror-community/ror-updates/issues/36390,https://ror.org/05k07f122,,,,add==IRL3351;IRL 3351,,,,,,,,,,,,,,,,,
https://github.com/ror-community/ror-updates/issues/36390,https://ror.org/02gn50d10,,,,add==EMR8252;EMR 8252,,,,,,,,,,,,,,,,,
https://github.com/ror-community/ror-updates/issues/36390,https://ror.org/0366b1491,,,,add==EMR8228,,,,,,,,,,,,,,,,,
https://github.com/ror-community/ror-updates/issues/36390,https://ror.org/0375b8f90,,,,add==EMR8255;EMR 8255,,,,,,,,,,,,,,,,,
https://github.com/ror-community/ror-updates/issues/36390,https://ror.org/056wdpc91,,,,add==EMR9003;EMR 9003,,,,,,,,,,,,,,,,,
https://github.com/ror-community/ror-updates/issues/36390,https://ror.org/003g1aw90,,,,add==UMR6075;UMR 6075,,,,,,,,,,,,,,,,,
https://github.com/ror-community/ror-updates/issues/36390,https://ror.org/01138xk88,,,,add==UMR5284,,,,,,,,,,,,,,,,,
https://github.com/ror-community/ror-updates/issues/36390,https://ror.org/00rt27171,,,,add==UMR5294;UMR 5294,,,,,,,,,,,,,,,,,
https://github.com/ror-community/ror-updates/issues/36390,https://ror.org/05qpmg879,,,,add==UAR1589;UAR 1589,,,,,,,,,,,,,,,,,
https://github.com/ror-community/ror-updates/issues/36390,https://ror.org/00t7axd27,,,,add==IRL3555;IRL 3555,,,,,,,,,,,,,,,,,
https://github.com/ror-community/ror-updates/issues/36390,https://ror.org/02f0kwz92,,,,add==UAR2039;UAR 2039,,,,,,,,,,,,,,,,,
https://github.com/ror-community/ror-updates/issues/36390,https://ror.org/01c2cjg59,,,,add==UAR3631;UAR 3631,,,,,,,,,,,,,,,,,
https://github.com/ror-community/ror-updates/issues/36390,https://ror.org/002fxfq97,,,,add==EMR8000;EMR 8000,,,,,,,,,,,,,,,,,
https://github.com/ror-community/ror-updates/issues/36390,https://ror.org/02pgsjq66,,,,add==UMR8265,,,,,,,,,,,,,,,,,
https://github.com/ror-community/ror-updates/issues/36390,https://ror.org/039gscz82,,,,add==UAR2056;UAR 2056,,,,,,,,,,,,,,,,,
https://github.com/ror-community/ror-updates/issues/36390,https://ror.org/01na0pb61,,,,add==UAR550;UAR 550,,,,,,,,,,,,,,,,,
https://github.com/ror-community/ror-updates/issues/36390,https://ror.org/023apm738,,,,add==UAR2053;UAR 2053,,,,,,,,,,,,,,,,,
https://github.com/ror-community/ror-updates/issues/36390,https://ror.org/012t91r40,,,,add==UAR2044;UAR 2044,,,,,,,,,,,,,,,,,
https://github.com/ror-community/ror-updates/issues/36390,https://ror.org/05evznf71,,,,add==UPR841;UPR 841,,,,,,,,,,,,,,,,,
https://github.com/ror-community/ror-updates/issues/36390,https://ror.org/05hz99a17,,,,add==UMR1563;UMR 1563,,,,,,,,,,,,,,,,,
https://github.com/ror-community/ror-updates/issues/36390,https://ror.org/01hg13988,,,,add==UMR6587,,,,,,,,,,,,,,,,,
https://github.com/ror-community/ror-updates/issues/36390,https://ror.org/03237mt20,,,,add==UMR6590;UMR 6590,,,,,,,,,,,,,,,,,
https://github.com/ror-community/ror-updates/issues/36390,https://ror.org/05yqfzf35,,,,add==UMR8504,,,,,,,,,,,,,,,,,
https://github.com/ror-community/ror-updates/issues/36390,https://ror.org/03vtagt31,,,,add==UMR8545;UMR 8545,,,,,,,,,,,,,,,,,
https://github.com/ror-community/ror-updates/issues/36390,https://ror.org/04f9rh541,,,,add==UMR8547;UMR 8547,,,,,,,,,,,,,,,,,
https://github.com/ror-community/ror-updates/issues/36390,https://ror.org/028ycv057,,,,add==UMR8562;UMR 8562,,,,,,,,,,,,,,,,,
https://github.com/ror-community/ror-updates/issues/36390,https://ror.org/01wk35t67,,,,add==UMR8582;UMR 8582,,,,,,,,,,,,,,,,,
https://github.com/ror-community/ror-updates/issues/36390,https://ror.org/02nnpw434,,,,add==UMR8590;UMR 8590,,,,,,,,,,,,,,,,,
https://github.com/ror-community/ror-updates/issues/36390,https://ror.org/04wz9m339,,,,add==UMR7041;UMR 7041,,,,,,,,,,,,,,,,,
https://github.com/ror-community/ror-updates/issues/36390,https://ror.org/01paa1e42,,,,add==UMR8097;UMR 8097,,,,,,,,,,,,,,,,,
https://github.com/ror-community/ror-updates/issues/36390,https://ror.org/04daj8721,,,,add==UMR5136;UMR 5136,,,,,,,,,,,,,,,,,
https://github.com/ror-community/ror-updates/issues/36390,https://ror.org/04m5rvb18,,,,add==UMR5193;UMR 5193,,,,,,,,,,,,,,,,,
https://github.com/ror-community/ror-updates/issues/36390,https://ror.org/00nrven85,,,,add==UMR7023;UMR 7023,,,,,,,,,,,,,,,,,
https://github.com/ror-community/ror-updates/issues/36390,https://ror.org/02a4c5q78,,,,add==UMR7049;UMR 7049,,,,,,,,,,,,,,,,,
https://github.com/ror-community/ror-updates/issues/36390,https://ror.org/0266y7j75,,,,add==UMR7048;UMR 7048,,,,,,,,,,,,,,,,,
https://github.com/ror-community/ror-updates/issues/36390,https://ror.org/045qk7v62,,,,add==UMR7050;UMR 7050,,,,,,,,,,,,,,,,,
https://github.com/ror-community/ror-updates/issues/36390,https://ror.org/01mzxgm71,,,,add==UMR7088;UMR 7088,,,,,,,,,,,,,,,,,
https://github.com/ror-community/ror-updates/issues/36390,https://ror.org/035mqrn57,,,,add==UMR7116;UMR 7116,,,,,,,,,,,,,,,,,
https://github.com/ror-community/ror-updates/issues/36390,https://ror.org/02cy9g557,,,,add==UMR7118;UMR 7118,,,,,,,,,,,,,,,,,
https://github.com/ror-community/ror-updates/issues/36390,https://ror.org/05pm8ec76,,,,add==UMR7130;UMR 7130,,,,,,,,,,,,,,,,,
https://github.com/ror-community/ror-updates/issues/36390,https://ror.org/05mmjvv12,,,,add==UMR7170;UMR 7170,,,,,,,,,,,,,,,,,
https://github.com/ror-community/ror-updates/issues/36390,https://ror.org/03n91q085,,,,add==UMR8026;UMR 8026,,,,,,,,,,,,,,,,,
https://github.com/ror-community/ror-updates/issues/36390,https://ror.org/00mdx2x22,,,,add==UMR8085,,,,,,,,,,,,,,,,,
https://github.com/ror-community/ror-updates/issues/36390,https://ror.org/03ae8w006,,,,add==UMR8138;UMR 8138,,,,,,,,,,,,,,,,,
https://github.com/ror-community/ror-updates/issues/36390,https://ror.org/01y766z47,,,,add==UMR2959;UMR 2959,,,,,,,,,,,,,,,,,
https://github.com/ror-community/ror-updates/issues/36390,https://ror.org/01b8mj511,,,,add==UMR3320,,,,,,,,,,,,,,,,,
https://github.com/ror-community/ror-updates/issues/36390,https://ror.org/00nbhg292,,,,add==UMR6240;UMR 6240,,,,,,,,,,,,,,,,,
https://github.com/ror-community/ror-updates/issues/36390,https://ror.org/030jm0n16,,,,add==UMR7192;UMR 7192,,,,,,,,,,,,,,,,,
https://github.com/ror-community/ror-updates/issues/36390,https://ror.org/04jb47e97,,,,add==UMR7217;UMR 7217,,,,,,,,,,,,,,,,,
https://github.com/ror-community/ror-updates/issues/36390,https://ror.org/00a5z9122,,,,add==UMR8177;UMR 8177,,,,,,,,,,,,,,,,,
https://github.com/ror-community/ror-updates/issues/36390,https://ror.org/00vctdx48,,,,add==UMR8184;UMR 8184,,,,,,,,,,,,,,,,,
https://github.com/ror-community/ror-updates/issues/36390,https://ror.org/00fwjkb59,,,,add==UMR5313;UMR 5313,,,,,,,,,,,,,,,,,
https://github.com/ror-community/ror-updates/issues/36390,https://ror.org/055q9jt53,,,,add==UMR5316;UMR 5316,,,,,,,,,,,,,,,,,
https://github.com/ror-community/ror-updates/issues/36390,https://ror.org/00ff5f522,,,,add==UMR5314;UMR 5314,,,,,,,,,,,,,,,,,
https://github.com/ror-community/ror-updates/issues/36390,https://ror.org/014nzh720,,,,add==UMR6297;UMR 6297,,,,,,,,,,,,,,,,,
https://github.com/ror-community/ror-updates/issues/36390,https://ror.org/0009eec40,,,,add==UMR6310;UMR 6310,,,,,,,,,,,,,,,,,
https://github.com/ror-community/ror-updates/issues/36390,https://ror.org/00axatv03,,,,add==UMR7304;UMR 7304,,,,,,,,,,,,,,,,,
https://github.com/ror-community/ror-updates/issues/36390,https://ror.org/03bcyhr16,,,,add==UMR7306;UMR 7306,,,,,,,,,,,,,,,,,
https://github.com/ror-community/ror-updates/issues/36390,https://ror.org/043xjcd49,,,,add==UMR7317;UMR 7317,,,,,,,,,,,,,,,,,
https://github.com/ror-community/ror-updates/issues/36390,https://ror.org/03wdx6c48,,,,add==UMR8215;UMR 8215,,,,,,,,,,,,,,,,,
https://github.com/ror-community/ror-updates/issues/36390,https://ror.org/00gd2w119,,,,add==UMR8239;UMR 8239,,,,,,,,,,,,,,,,,
https://github.com/ror-community/ror-updates/issues/36390,https://ror.org/04s0b8n66,,,,add==UMR8244;UMR 8244,,,,,,,,,,,,,,,,,
https://github.com/ror-community/ror-updates/issues/36390,https://ror.org/00mz87608,,,,add==UMR9217;UMR 9217,,,,,,,,,,,,,,,,,
https://github.com/ror-community/ror-updates/issues/36390,https://ror.org/007yrhe07,,,,add==UMR9003;UMR 9003,,,,,,,,,,,,,,,,,
https://github.com/ror-community/ror-updates/issues/36390,https://ror.org/026exgg05,,,,add==UMR8007;UMR 8007,,,,,,,,,,,,,,,,,
https://github.com/ror-community/ror-updates/issues/36390,https://ror.org/05qhnf349,,,,add==UAR2700;UAR 2700,,,,,,,,,,,,,,,,,
https://github.com/ror-community/ror-updates/issues/36390,https://ror.org/01nhp3z94,,,,add==UMR9016;UMR 9016,,,,,,,,,,,,,,,,,
https://github.com/ror-community/ror-updates/issues/36390,https://ror.org/00rwjvc96,,,,add==UMR5211;UMR 5211,,,,,,,,,,,,,,,,,
https://github.com/ror-community/ror-updates/issues/36390,https://ror.org/0467x8h16,,,,add==UAR3394;UAR 3394,,,,,,,,,,,,,,,,,
https://github.com/ror-community/ror-updates/issues/36390,https://ror.org/00v2cdz24,,,,add==UAR2052;UAR 2052,,,,,,,,,,,,,,,,,
https://github.com/ror-community/ror-updates/issues/36390,https://ror.org/026t9b832,,,,add==UAR3140;UAR 3140,,,,,,,,,,,,,,,,,
https://github.com/ror-community/ror-updates/issues/36390,https://ror.org/00t3njy04,,,,add==UMR9022,,,,,,,,,,,,,,,,,
https://github.com/ror-community/ror-updates/issues/36390,https://ror.org/046dap961,,,,add==UMR8065;UMR 8065,,,,,,,,,,,,,,,,,
https://github.com/ror-community/ror-updates/issues/36390,https://ror.org/04ces3204,,,,add==UAR3598;UAR 3598,,,,,,,,,,,,,,,,,
https://github.com/ror-community/ror-updates/issues/36390,https://ror.org/045sst074,,,,add==UAR2055;UAR 2055,,,,,,,,,,,,,,,,,
https://github.com/ror-community/ror-updates/issues/36390,https://ror.org/01y7vt929,,,,add==UAR2057;UAR 2057,,,,,,,,,,,,,,,,,
https://github.com/ror-community/ror-updates/issues/36390,https://ror.org/04ejcwb57,,,,add==UAR3516;UAR 3516,,,,,,,,,,,,,,,,,
https://github.com/ror-community/ror-updates/issues/36390,https://ror.org/03azy3k91,,,,add==UAR3414;UAR 3414,,,,,,,,,,,,,,,,,
https://github.com/ror-community/ror-updates/issues/36390,https://ror.org/05s6hm275,,,,add==UAR2035;UAR 2035,,,,,,,,,,,,,,,,,
https://github.com/ror-community/ror-updates/issues/36390,https://ror.org/01qjd1497,,,,add==UAR3554;UAR 3554,,,,,,,,,,,,,,,,,
https://github.com/ror-community/ror-updates/issues/36390,https://ror.org/01jwwzm25,,,,add==UAR3549,,,,,,,,,,,,,,,,,
https://github.com/ror-community/ror-updates/issues/36390,https://ror.org/05xq4gr47,,,,add==UAR2208;UAR 2208,,,,,,,,,,,,,,,,,
https://github.com/ror-community/ror-updates/issues/36390,https://ror.org/014vz2d20,,,,add==UMR6060,,,,,,,,,,,,,,,,,
https://github.com/ror-community/ror-updates/issues/36390,https://ror.org/00g7vvf64,,,,add==UAR3486;UAR 3486,,,,,,,,,,,,,,,,,
https://github.com/ror-community/ror-updates/issues/36390,https://ror.org/02my5hx05,,,,add==UMR8068,,,,,,,,,,,,,,,,,
https://github.com/ror-community/ror-updates/issues/36390,https://ror.org/0288g4p72,,,,add==UAR3565;UAR 3565,,,,,,,,,,,,,,,,,
https://github.com/ror-community/ror-updates/issues/36390,https://ror.org/03e2syc87,,,,add==UAR1885;UAR 1885,,,,,,,,,,,,,,,,,
https://github.com/ror-community/ror-updates/issues/36390,https://ror.org/03j7mz841,,,,add==UAR3610;UAR 3610,,,,,,,,,,,,,,,,,
https://github.com/ror-community/ror-updates/issues/36390,https://ror.org/03aef3108,,,,add==UAR828;UAR 828,,,,,,,,,,,,,,,,,
https://github.com/ror-community/ror-updates/issues/36390,https://ror.org/02aja8v82,,,,add==UAR2504;UAR 2504,,,,,,,,,,,,,,,,,
https://github.com/ror-community/ror-updates/issues/36390,https://ror.org/008bf9746,,,,add==UAR3123;UAR 3123,,,,,,,,,,,,,,,,,
https://github.com/ror-community/ror-updates/issues/36390,https://ror.org/01ejp3f31,,,,add==UAR3125;UAR 3125,,,,,,,,,,,,,,,,,
https://github.com/ror-community/ror-updates/issues/36390,https://ror.org/022psxk94,,,,add==UAR3129;UAR 3129,,,,,,,,,,,,,,,,,
https://github.com/ror-community/ror-updates/issues/36390,https://ror.org/011ed2d57,,,,add==UAR2928;UAR 2928,,,,,,,,,,,,,,,,,
https://github.com/ror-community/ror-updates/issues/36390,https://ror.org/04ahb2147,,,,add==UAR3132;UAR 3132,,,,,,,,,,,,,,,,,
https://github.com/ror-community/ror-updates/issues/36390,https://ror.org/02t9nm044,,,,add==UAR3135;UAR 3135,,,,,,,,,,,,,,,,,
https://github.com/ror-community/ror-updates/issues/36390,https://ror.org/03r0cdk24,,,,add==UAR3155;UAR 3155,,,,,,,,,,,,,,,,,
https://github.com/ror-community/ror-updates/issues/36390,https://ror.org/00m090414,,,,add==UAR3185;UAR 3185,,,,,,,,,,,,,,,,,
https://github.com/ror-community/ror-updates/issues/36390,https://ror.org/05q3pap39,,,,add==UAR3224;UAR 3224,,,,,,,,,,,,,,,,,
https://github.com/ror-community/ror-updates/issues/36390,https://ror.org/00wx1mx58,,,,add==UAR3225;UAR 3225,,,,,,,,,,,,,,,,,
https://github.com/ror-community/ror-updates/issues/36390,https://ror.org/02jm89840,,,,add==UAR3227;UAR 3227,,,,,,,,,,,,,,,,,
https://github.com/ror-community/ror-updates/issues/36390,https://ror.org/05079x435,,,,add==UAR3258;UAR 3258,,,,,,,,,,,,,,,,,
https://github.com/ror-community/ror-updates/issues/36390,https://ror.org/01petg633,,,,add==UAR3261;UAR 3261,,,,,,,,,,,,,,,,,
https://github.com/ror-community/ror-updates/issues/36390,https://ror.org/04gxn9h90,,,,add==UAR3330;UAR 3330,,,,,,,,,,,,,,,,,
https://github.com/ror-community/ror-updates/issues/36390,https://ror.org/043bqfp86,,,,add==UAR3130;UAR 3130,,,,,,,,,,,,,,,,,
https://github.com/ror-community/ror-updates/issues/36390,https://ror.org/03kcgdd35,,,,add==UAR3337,,,,,,,,,,,,,,,,,
https://github.com/ror-community/ror-updates/issues/36390,https://ror.org/03v4gsj38,,,,add==UAR3501;UAR 3501,,,,,,,,,,,,,,,,,
https://github.com/ror-community/ror-updates/issues/36390,https://ror.org/02ygac863,,,,add==UAR3566;UAR 3566,,,,,,,,,,,,,,,,,
https://github.com/ror-community/ror-updates/issues/36390,https://ror.org/01hym1a89,,,,add==UAR3683;UAR 3683,,,,,,,,,,,,,,,,,
https://github.com/ror-community/ror-updates/issues/36390,https://ror.org/0331qyx19,,,,add==UAR3131;UAR 3131,,,,,,,,,,,,,,,,,
https://github.com/ror-community/ror-updates/issues/36390,https://ror.org/039bex249,,,,add==UMR8077;UMR 8077,,,,,,,,,,,,,,,,,
https://github.com/ror-community/ror-updates/issues/36390,https://ror.org/00mryrd39,,,,add==UMR208;UMR 208,,,,,,,,,,,,,,,,,
https://github.com/ror-community/ror-updates/issues/36390,https://ror.org/04gpgk389,,,,add==UAR3136;UAR 3136,,,,,,,,,,,,,,,,,
https://github.com/ror-community/ror-updates/issues/36390,https://ror.org/00zbzej19,,,,add==UAR3137;UAR 3137,,,,,,,,,,,,,,,,,
https://github.com/ror-community/ror-updates/issues/36390,https://ror.org/04j8fde02,,,,add==UAR3138;UAR 3138,,,,,,,,,,,,,,,,,
https://github.com/ror-community/ror-updates/issues/36390,https://ror.org/039rxdt76,,,,add==UAR3142;UAR 3142,,,,,,,,,,,,,,,,,
https://github.com/ror-community/ror-updates/issues/36390,https://ror.org/00y8hdp93,,,,add==UMR5311;UMR 5311,,,,,,,,,,,,,,,,,
https://github.com/ror-community/ror-updates/issues/36390,https://ror.org/01p4g5p84,,,,add==UMR5602;UMR 5602,,,,,,,,,,,,,,,,,
https://github.com/ror-community/ror-updates/issues/36390,https://ror.org/05sat2s07,,,,add==UMR6554;UMR 6554,,,,,,,,,,,,,,,,,
https://github.com/ror-community/ror-updates/issues/36390,https://ror.org/020ahr442,,,,add==UMR6023,,,,,,,,,,,,,,,,,
https://github.com/ror-community/ror-updates/issues/36390,https://ror.org/00e4pqm50,,,,add==UMR6042;UMR 6042,,,,,,,,,,,,,,,,,
https://github.com/ror-community/ror-updates/issues/36390,https://ror.org/020nks034,,,,add==UMR5120;UMR 5120,,,,,,,,,,,,,,,,,
https://github.com/ror-community/ror-updates/issues/36390,https://ror.org/008rywf59,,,,add==UMR5175;UMR 5175,,,,,,,,,,,,,,,,,
https://github.com/ror-community/ror-updates/issues/36390,https://ror.org/02rmwrd87,,,,add==UMR5204;UMR 5204,,,,,,,,,,,,,,,,,
https://github.com/ror-community/ror-updates/issues/36390,https://ror.org/00zn13224,,,,add==UMR5244;UMR 5244,,,,,,,,,,,,,,,,,
https://github.com/ror-community/ror-updates/issues/36390,https://ror.org/00357kh21,,,,add==UMR5290;UMR 5290,,,,,,,,,,,,,,,,,
https://github.com/ror-community/ror-updates/issues/36390,https://ror.org/04xfycm61,,,,add==UMR7245;UMR 7245,,,,,,,,,,,,,,,,,
https://github.com/ror-community/ror-updates/issues/36390,https://ror.org/04q9vef57,,,,add==UMR8172;UMR 8172,,,,,,,,,,,,,,,,,
https://github.com/ror-community/ror-updates/issues/36390,https://ror.org/00ss0a232,,,,add==UMR6308;UMR 6308,,,,,,,,,,,,,,,,,
https://github.com/ror-community/ror-updates/issues/36390,https://ror.org/05j6qf006,,,,add==UAR3194;UAR 3194,,,,,,,,,,,,,,,,,
https://github.com/ror-community/ror-updates/issues/36390,https://ror.org/04rp2mn26,,,,add==UMR7261;UMR 7261,,,,,,,,,,,,,,,,,
https://github.com/ror-community/ror-updates/issues/36390,https://ror.org/0409c3995,,,,add==UMR7263,,,,,,,,,,,,,,,,,
https://github.com/ror-community/ror-updates/issues/36390,https://ror.org/00r8amq78,,,,add==UMR7266,,,,,,,,,,,,,,,,,
https://github.com/ror-community/ror-updates/issues/36390,https://ror.org/00s8hq550,,,,add==UMR7372;UMR 7372,,,,,,,,,,,,,,,,,
https://github.com/ror-community/ror-updates/issues/36390,https://ror.org/049dk3691,,,,add==UMR9190;UMR 9190,,,,,,,,,,,,,,,,,
https://github.com/ror-community/ror-updates/issues/36390,https://ror.org/05fnxds15,,,,add==UMR9192;UMR 9192,,,,,,,,,,,,,,,,,
https://github.com/ror-community/ror-updates/issues/36390,https://ror.org/0458hw939,,,,add==UMR9000;UMR 9000,,,,,,,,,,,,,,,,,
https://github.com/ror-community/ror-updates/issues/36390,https://ror.org/05d362832,,,,add==UMR5021,,,,,,,,,,,,,,,,,
https://github.com/ror-community/ror-updates/issues/36390,https://ror.org/026ddbz68,,,,add==UMR2000;UMR 2000,,,,,,,,,,,,,,,,,
https://github.com/ror-community/ror-updates/issues/36390,https://ror.org/021zcv334,,,,add==UMR7035;UMR 7035,,,,,,,,,,,,,,,,,
https://github.com/ror-community/ror-updates/issues/36390,https://ror.org/01tp1c480,,,,add==UMR8067;UMR 8067,,,,,,,,,,,,,,,,,
https://github.com/ror-community/ror-updates/issues/36390,https://ror.org/037eda396,,,,add==UAR2006;UAR 2006,,,,,,,,,,,,,,,,,
https://github.com/ror-community/ror-updates/issues/36390,https://ror.org/01vqrde47,,,,add==UAR704;UAR 704,,,,,,,,,,,,,,,,,
https://github.com/ror-community/ror-updates/issues/36390,https://ror.org/040r8ry56,,,,add==UAR3514;UAR 3514,,,,,,,,,,,,,,,,,
https://github.com/ror-community/ror-updates/issues/36390,https://ror.org/04k0drf78,,,,add==UAR3461;UAR 3461,,,,,,,,,,,,,,,,,
https://github.com/ror-community/ror-updates/issues/36390,https://ror.org/00gj7r351,,,,add==UAR3456;UAR 3456,,,,,,,,,,,,,,,,,
https://github.com/ror-community/ror-updates/issues/36390,https://ror.org/05d6wfd23,,,,add==UAR2029;UAR 2029,,,,,,,,,,,,,,,,,
https://github.com/ror-community/ror-updates/issues/36390,https://ror.org/00aytnh12,,,,add==EMR6076;EMR 6076,,,,,,,,,,,,,,,,,
https://github.com/ror-community/ror-updates/issues/36390,https://ror.org/00r4taj88,,,,add==IRL2021,,,,,,,,,,,,,,,,,
https://github.com/ror-community/ror-updates/issues/36390,https://ror.org/039p01270,,,,add==UMR8176;UMR 8176,,,,,,,,,,,,,,,,,
https://github.com/ror-community/ror-updates/issues/36390,https://ror.org/022y5bk62,,,,add==UAR3491;UAR 3491,,,,,,,,,,,,,,,,,
https://github.com/ror-community/ror-updates/issues/36390,https://ror.org/01j6cta96,,,,add==EMR5003;EMR 5003,,,,,,,,,,,,,,,,,
https://github.com/ror-community/ror-updates/issues/36390,https://ror.org/0028p8r67,,,,add==UMR5516;UMR 5516,,,,,,,,,,,,,,,,,
https://github.com/ror-community/ror-updates/issues/36390,https://ror.org/02z8yps18,,,,add==UMR5518;UMR 5518,,,,,,,,,,,,,,,,,
https://github.com/ror-community/ror-updates/issues/36390,https://ror.org/044ggyg50,,,,add==UMR5520;UMR 5520,,,,,,,,,,,,,,,,,
https://github.com/ror-community/ror-updates/issues/36390,https://ror.org/05thdk431,,,,add==UPR8521;UPR 8521,,,,,,,,,,,,,,,,,
https://github.com/ror-community/ror-updates/issues/36390,https://ror.org/057axh226,,,,add==UMR6598;UMR 6598,,,,,,,,,,,,,,,,,
https://github.com/ror-community/ror-updates/issues/36390,https://ror.org/021fdyt09,,,,add==UMR6607;UMR 6607,,,,,,,,,,,,,,,,,
https://github.com/ror-community/ror-updates/issues/36390,https://ror.org/02byv2846,,,,add==UMR7608;UMR 7608,,,,,,,,,,,,,,,,,
https://github.com/ror-community/ror-updates/issues/36390,https://ror.org/023f9y602,,,,add==UMR7647,,,,,,,,,,,,,,,,,
https://github.com/ror-community/ror-updates/issues/36390,https://ror.org/02xnnng09,,,,add==UMR8507;UMR 8507,,,,,,,,,,,,,,,,,
https://github.com/ror-community/ror-updates/issues/36390,https://ror.org/02q4res37,,,,add==UMR8520;UMR 8520,,,,,,,,,,,,,,,,,
https://github.com/ror-community/ror-updates/issues/36390,https://ror.org/03k9wer31,,,,add==UMR8522;UMR 8522,,,,,,,,,,,,,,,,,
https://github.com/ror-community/ror-updates/issues/36390,https://ror.org/050rs7291,,,,add==UMR5130;UMR 5130,,,,,,,,,,,,,,,,,
https://github.com/ror-community/ror-updates/issues/36390,https://ror.org/05ngxmx20,,,,add==UMR6144;UMR 6144,,,,,,,,,,,,,,,,,
https://github.com/ror-community/ror-updates/issues/36390,https://ror.org/03x30hb31,,,,add==UMR6183;UMR 6183,,,,,,,,,,,,,,,,,
https://github.com/ror-community/ror-updates/issues/36390,https://ror.org/03vam5b06,,,,add==UMR8029;UMR 8029,,,,,,,,,,,,,,,,,
https://github.com/ror-community/ror-updates/issues/36390,https://ror.org/05s608j53,,,,add==UMR5259;UMR 5259,,,,,,,,,,,,,,,,,
https://github.com/ror-community/ror-updates/issues/36390,https://ror.org/05hyx5a17,,,,add==UMR5269;UMR 5269,,,,,,,,,,,,,,,,,
https://github.com/ror-community/ror-updates/issues/36390,https://ror.org/00wrnm709,,,,add==UMR5295;UMR 5295,,,,,,,,,,,,,,,,,
https://github.com/ror-community/ror-updates/issues/36390,https://ror.org/01nyrrx14,,,,add==UMR7239;UMR 7239,,,,,,,,,,,,,,,,,
https://github.com/ror-community/ror-updates/issues/36390,https://ror.org/05vjdsn22,,,,add==UPR3346;UPR 3346,,,,,,,,,,,,,,,,,
https://github.com/ror-community/ror-updates/issues/36390,https://ror.org/03cxnrt47,,,,add==UMR5302;UMR 5302,,,,,,,,,,,,,,,,,
https://github.com/ror-community/ror-updates/issues/36390,https://ror.org/01prxdf57,,,,add==UMR5307;UMR 5307,,,,,,,,,,,,,,,,,
https://github.com/ror-community/ror-updates/issues/36390,https://ror.org/03br1wy20,,,,add==UMR7249;UMR 7249,,,,,,,,,,,,,,,,,
https://github.com/ror-community/ror-updates/issues/36390,https://ror.org/01qfjp710,,,,add==UMR7341;UMR 7341,,,,,,,,,,,,,,,,,
https://github.com/ror-community/ror-updates/issues/36390,https://ror.org/04bgbbh33,,,,add==UMR7343;UMR 7343,,,,,,,,,,,,,,,,,
https://github.com/ror-community/ror-updates/issues/36390,https://ror.org/051qnm298,,,,add==UMR7347,,,,,,,,,,,,,,,,,
https://github.com/ror-community/ror-updates/issues/36390,https://ror.org/00nbx9b54,,,,add==UMR9219;UMR 9219,,,,,,,,,,,,,,,,,
https://github.com/ror-community/ror-updates/issues/36390,https://ror.org/03787ar02,,,,add==UMR7031;UMR 7031,,,,,,,,,,,,,,,,,
https://github.com/ror-community/ror-updates/issues/36390,https://ror.org/03011gg73,,,,add==UMR6027;UMR 6027,,,,,,,,,,,,,,,,,
https://github.com/ror-community/ror-updates/issues/36390,https://ror.org/01m83bk32,,,,add==UMR9007;UMR 9007,,,,,,,,,,,,,,,,,
https://github.com/ror-community/ror-updates/issues/36390,https://ror.org/01mxn9q79,,,,add==UMR9011,,,,,,,,,,,,,,,,,
https://github.com/ror-community/ror-updates/issues/36390,https://ror.org/03y7m8990,,,,add==UMR8063;UMR 8063,,,,,,,,,,,,,,,,,
https://github.com/ror-community/ror-updates/issues/36390,https://ror.org/023d00661,,,,add==IRL3757,,,,,,,,,,,,,,,,,
https://github.com/ror-community/ror-updates/issues/36390,https://ror.org/026m44z54,,,,add==IRL3463;IRL 3463,,,,,,,,,,,,,,,,,
https://github.com/ror-community/ror-updates/issues/36390,https://ror.org/019qyxa09,,,,add==UAR3582;UAR 3582,,,,,,,,,,,,,,,,,
https://github.com/ror-community/ror-updates/issues/36390,https://ror.org/0059vr703,,,,add==IRL2820;IRL 2820,,,,,,,,,,,,,,,,,
https://github.com/ror-community/ror-updates/issues/36390,https://ror.org/00avmbz91,,,,add==IRL2958;IRL 2958,,,,,,,,,,,,,,,,,
https://github.com/ror-community/ror-updates/issues/36390,https://ror.org/01kvxx237,,,,add==UAR2200;UAR 2200,,,,,,,,,,,,,,,,,
https://github.com/ror-community/ror-updates/issues/36390,https://ror.org/05481me13,,,,add==UAR3722;UAR 3722,,,,,,,,,,,,,,,,,
https://github.com/ror-community/ror-updates/issues/36390,https://ror.org/0213f8g15,,,,add==UAR3360;UAR 3360,,,,,,,,,,,,,,,,,
https://github.com/ror-community/ror-updates/issues/36390,https://ror.org/048d5xq24,,,,add==UMR9024;UMR 9024,,,,,,,,,,,,,,,,,
https://github.com/ror-community/ror-updates/issues/36390,https://ror.org/0327z0p26,,,,add==UMR9027,,,,,,,,,,,,,,,,,
https://github.com/ror-community/ror-updates/issues/36390,https://ror.org/010nk4c68,,,,add==UAR3380;UAR 3380,,,,,,,,,,,,,,,,,
https://github.com/ror-community/ror-updates/issues/36390,https://ror.org/01jv2ft75,,,,add==UMR9026;UMR 9026,,,,,,,,,,,,,,,,,
https://github.com/ror-community/ror-updates/issues/36390,https://ror.org/01waxag60,,,,add==UMR7076;UMR 7076,,,,,,,,,,,,,,,,,
https://github.com/ror-community/ror-updates/issues/36390,https://ror.org/013h6a491,,,,add==UAR2049,,,,,,,,,,,,,,,,,
https://github.com/ror-community/ror-updates/issues/36390,https://ror.org/04g1hjn96,,,,add==UMR6629;UMR 6629,,,,,,,,,,,,,,,,,
https://github.com/ror-community/ror-updates/issues/36390,https://ror.org/04rvw8791,,,,add==UMR7502;UMR 7502,,,,,,,,,,,,,,,,,
https://github.com/ror-community/ror-updates/issues/36390,https://ror.org/012e1xn46,,,,add==UMR7641,,,,,,,,,,,,,,,,,
https://github.com/ror-community/ror-updates/issues/36390,https://ror.org/03ab0zs98,,,,add==UMR8628;UMR 8628,,,,,,,,,,,,,,,,,
https://github.com/ror-community/ror-updates/issues/36390,https://ror.org/01k1v7590,,,,add==UMR6085;UMR 6085,,,,,,,,,,,,,,,,,
https://github.com/ror-community/ror-updates/issues/36390,https://ror.org/01s48fc08,,,,add==UAR855;UAR 855,,,,,,,,,,,,,,,,,
https://github.com/ror-community/ror-updates/issues/36390,https://ror.org/03jm2hc44,,,,add==UMR6139;UMR 6139,,,,,,,,,,,,,,,,,
https://github.com/ror-community/ror-updates/issues/36390,https://ror.org/04smxbm79,,,,add==UMR7352,,,,,,,,,,,,,,,,,
https://github.com/ror-community/ror-updates/issues/36390,https://ror.org/05djhd259,,,,add==UMR7013;UMR 7013,,,,,,,,,,,,,,,,,
https://github.com/ror-community/ror-updates/issues/36390,https://ror.org/04wbdez64,,,,add==UMR9009;UMR 9009,,,,,,,,,,,,,,,,,
https://github.com/ror-community/ror-updates/issues/36390,https://ror.org/02cmt9z73,,,,add==UAR3458;UAR 3458,,,,,,,,,,,,,,,,,
https://github.com/ror-community/ror-updates/issues/36390,https://ror.org/044cfnj78,,,,add==UAR3758;UAR 3758,,,,,,,,,,,,,,,,,
https://github.com/ror-community/ror-updates/issues/36390,https://ror.org/01yypjb30,,,,add==UMR 5504,,,,,,,,,,,,,,,,,
https://github.com/ror-community/ror-updates/issues/36390,https://ror.org/00wz2vk41,,,,add==IRL2807;IRL 2807,,,,,,,,,,,,,,,,,
https://github.com/ror-community/ror-updates/issues/36390,https://ror.org/04g0ktq11,,,,add==UAR1786;UAR 1786,,,,,,,,,,,,,,,,,
https://github.com/ror-community/ror-updates/issues/36390,https://ror.org/04e3d6y73,,,,add==UAR822;UAR 822,,,,,,,,,,,,,,,,,
https://github.com/ror-community/ror-updates/issues/36390,https://ror.org/05dfxeg46,,,,add==UAR839;UAR 839,,,,,,,,,,,,,,,,,
https://github.com/ror-community/ror-updates/issues/36390,https://ror.org/03wct8w46,,,,add==UMR9032;UMR 9032,,,,,,,,,,,,,,,,,
https://github.com/ror-community/ror-updates/issues/36390,https://ror.org/025xvn046,,,,add==UMR9912;UMR 9912,,,,,,,,,,,,,,,,,
https://github.com/ror-community/ror-updates/issues/36390,https://ror.org/043749971,,,,add==UMR6072;UMR 6072,,,,,,,,,,,,,,,,,
https://github.com/ror-community/ror-updates/issues/36390,https://ror.org/000063q30,,,,add==UMR5159;UMR 5159,,,,,,,,,,,,,,,,,
https://github.com/ror-community/ror-updates/issues/36390,https://ror.org/05g1zjw44,,,,add==UMR7030;UMR 7030,,,,,,,,,,,,,,,,,
https://github.com/ror-community/ror-updates/issues/36390,https://ror.org/04afed728,,,,add==UMR7161,,,,,,,,,,,,,,,,,
https://github.com/ror-community/ror-updates/issues/36390,https://ror.org/0592ata02,,,,add==UMR8051;UMR 8051,,,,,,,,,,,,,,,,,
https://github.com/ror-community/ror-updates/issues/36390,https://ror.org/03pnp1a74,,,,add==UMR7243;UMR 7243,,,,,,,,,,,,,,,,,
https://github.com/ror-community/ror-updates/issues/36390,https://ror.org/0075hvk77,,,,add==UMR7253;UMR 7253,,,,,,,,,,,,,,,,,
https://github.com/ror-community/ror-updates/issues/36390,https://ror.org/006z7v557,,,,add==UMR8201,,,,,,,,,,,,,,,,,
https://github.com/ror-community/ror-updates/issues/36390,https://ror.org/02snf8m58,,,,add==UMR6004;UMR 6004,,,,,,,,,,,,,,,,,
https://github.com/ror-community/ror-updates/issues/36390,https://ror.org/0257sgk90,,,,add==UMR7020;UMR 7020,,,,,,,,,,,,,,,,,
https://github.com/ror-community/ror-updates/issues/36390,https://ror.org/007xn7v02,,,,add==IRL3527;IRL 3527,,,,,,,,,,,,,,,,,
https://github.com/ror-community/ror-updates/issues/36390,https://ror.org/02jz7m443,,,,add==UAR851,,,,,,,,,,,,,,,,,
https://github.com/ror-community/ror-updates/issues/36390,https://ror.org/03jv6w209,,,,add==UAR3441,,,,,,,,,,,,,,,,,
https://github.com/ror-community/ror-updates/issues/36390,https://ror.org/02mn0vt57,,,,add==UAR76;UAR 76,,,,,,,,,,,,,,,,,
